-- MySQL dump 10.13  Distrib 5.7.30, for Linux (x86_64)
--
-- Host: localhost    Database: react_laravel_websockets
-- ------------------------------------------------------
-- Server version	5.7.30-0ubuntu0.18.04.1

/*!40101 SET @OLD_CHARACTER_SET_CLIENT=@@CHARACTER_SET_CLIENT */;
/*!40101 SET @OLD_CHARACTER_SET_RESULTS=@@CHARACTER_SET_RESULTS */;
/*!40101 SET @OLD_COLLATION_CONNECTION=@@COLLATION_CONNECTION */;
/*!40101 SET NAMES utf8 */;
/*!40103 SET @OLD_TIME_ZONE=@@TIME_ZONE */;
/*!40103 SET TIME_ZONE='+00:00' */;
/*!40014 SET @OLD_UNIQUE_CHECKS=@@UNIQUE_CHECKS, UNIQUE_CHECKS=0 */;
/*!40014 SET @OLD_FOREIGN_KEY_CHECKS=@@FOREIGN_KEY_CHECKS, FOREIGN_KEY_CHECKS=0 */;
/*!40101 SET @OLD_SQL_MODE=@@SQL_MODE, SQL_MODE='NO_AUTO_VALUE_ON_ZERO' */;
/*!40111 SET @OLD_SQL_NOTES=@@SQL_NOTES, SQL_NOTES=0 */;

--
-- Table structure for table `channels`
--

DROP TABLE IF EXISTS `channels`;
/*!40101 SET @saved_cs_client     = @@character_set_client */;
/*!40101 SET character_set_client = utf8 */;
CREATE TABLE `channels` (
  `id` bigint(20) unsigned NOT NULL AUTO_INCREMENT,
  `created_at` timestamp NULL DEFAULT NULL,
  `updated_at` timestamp NULL DEFAULT NULL,
  `name` varchar(255) COLLATE utf8mb4_unicode_ci NOT NULL,
  `type` enum('dm','channel') COLLATE utf8mb4_unicode_ci NOT NULL,
  PRIMARY KEY (`id`)
) ENGINE=InnoDB AUTO_INCREMENT=22 DEFAULT CHARSET=utf8mb4 COLLATE=utf8mb4_unicode_ci;
/*!40101 SET character_set_client = @saved_cs_client */;

--
-- Dumping data for table `channels`
--

LOCK TABLES `channels` WRITE;
/*!40000 ALTER TABLE `channels` DISABLE KEYS */;
INSERT INTO `channels` VALUES (1,'2020-09-06 02:47:20','2020-09-06 02:47:20','channel','channel'),(2,'2020-09-06 02:48:37','2020-09-06 02:48:37','channel','channel'),(3,'2020-09-06 02:52:48','2020-09-06 02:52:48','channel','channel'),(4,'2020-09-06 02:54:18','2020-09-06 02:54:18','channel','channel'),(5,'2020-09-06 08:30:39','2020-09-06 08:30:39','channel','channel'),(6,'2020-09-06 08:31:33','2020-09-06 08:31:33','channel','channel'),(7,'2020-09-06 08:33:41','2020-09-06 08:33:41','channel','channel'),(8,'2020-09-09 04:58:21','2020-09-09 04:58:21','dm','dm'),(9,'2020-10-10 11:13:30','2020-10-10 11:13:30','dm','dm'),(11,'2020-10-10 11:17:08','2020-10-10 11:17:08','dm','dm'),(12,'2020-10-11 09:16:24','2020-10-11 09:16:24','dm','dm'),(13,'2020-10-11 09:18:41','2020-10-11 09:18:41','dm','dm'),(14,'2020-10-12 12:16:24','2020-10-12 12:16:24','dm','dm'),(15,'2020-10-12 12:21:09','2020-10-12 12:21:09','dm','dm'),(16,'2020-10-12 12:28:29','2020-10-12 12:28:29','dm','dm'),(17,'2020-10-15 05:15:47','2020-10-15 05:15:47','dm','dm'),(18,'2020-10-24 05:46:29','2020-10-24 05:46:29','channel','channel'),(19,'2020-10-29 03:31:09','2020-10-29 03:31:09','channel','channel'),(20,'2020-10-29 03:57:32','2020-10-29 03:57:32','dm','dm'),(21,'2020-10-29 04:01:30','2020-10-29 04:01:30','dm','dm');
/*!40000 ALTER TABLE `channels` ENABLE KEYS */;
UNLOCK TABLES;

--
-- Table structure for table `details`
--

DROP TABLE IF EXISTS `details`;
/*!40101 SET @saved_cs_client     = @@character_set_client */;
/*!40101 SET character_set_client = utf8 */;
CREATE TABLE `details` (
  `id` bigint(20) unsigned NOT NULL AUTO_INCREMENT,
  `created_at` timestamp NULL DEFAULT NULL,
  `updated_at` timestamp NULL DEFAULT NULL,
  `owner_id` bigint(20) unsigned NOT NULL,
  `channel_id` bigint(20) unsigned NOT NULL,
  `name` text COLLATE utf8mb4_unicode_ci NOT NULL,
  `desc` text COLLATE utf8mb4_unicode_ci NOT NULL,
  `image` text COLLATE utf8mb4_unicode_ci NOT NULL,
  `visible` tinyint(1) NOT NULL,
  `type` enum('public','private') COLLATE utf8mb4_unicode_ci NOT NULL,
  PRIMARY KEY (`id`)
) ENGINE=InnoDB AUTO_INCREMENT=7 DEFAULT CHARSET=utf8mb4 COLLATE=utf8mb4_unicode_ci;
/*!40101 SET character_set_client = @saved_cs_client */;

--
-- Dumping data for table `details`
--

LOCK TABLES `details` WRITE;
/*!40000 ALTER TABLE `details` DISABLE KEYS */;
INSERT INTO `details` VALUES (1,'2020-09-06 02:52:48','2020-09-06 02:52:48',2,3,'test channel','some test description here','nothing',0,'private'),(2,'2020-09-06 02:54:18','2020-09-06 02:54:18',2,4,'test channel','some test description here','nothing',0,'private'),(3,'2020-09-06 08:30:39','2020-09-06 08:30:39',2,5,'A New Channel','some description of the channel here','nothing',1,'private'),(4,'2020-09-06 08:33:41','2020-09-06 08:33:41',2,7,'A New Channel2','some description of the channel here','nothing',1,'private'),(5,'2020-10-24 05:46:29','2020-10-24 05:46:29',3,18,'SENATOR ARMSTRONG\'S PUBLIC CHANNEL','A NEW CHANNEL, WHERE EVERYONE IS FREE TO THINK, TO ACT FOR THEMSELVES','nothing',1,'public'),(6,'2020-10-29 03:31:09','2020-10-29 03:31:09',2,19,'Monsoon\'s MEME channel','MEMES are the DNA of the Soul!','nothing',1,'private');
/*!40000 ALTER TABLE `details` ENABLE KEYS */;
UNLOCK TABLES;

--
-- Table structure for table `direct_messages`
--

DROP TABLE IF EXISTS `direct_messages`;
/*!40101 SET @saved_cs_client     = @@character_set_client */;
/*!40101 SET character_set_client = utf8 */;
CREATE TABLE `direct_messages` (
  `id` bigint(20) unsigned NOT NULL AUTO_INCREMENT,
  `created_at` timestamp NULL DEFAULT NULL,
  `updated_at` timestamp NULL DEFAULT NULL,
  `sender_user_id` int(10) unsigned NOT NULL,
  `receiver_user_id` int(10) unsigned NOT NULL,
  PRIMARY KEY (`id`)
) ENGINE=InnoDB AUTO_INCREMENT=6 DEFAULT CHARSET=utf8mb4 COLLATE=utf8mb4_unicode_ci;
/*!40101 SET character_set_client = @saved_cs_client */;

--
-- Dumping data for table `direct_messages`
--

LOCK TABLES `direct_messages` WRITE;
/*!40000 ALTER TABLE `direct_messages` DISABLE KEYS */;
INSERT INTO `direct_messages` VALUES (1,'2020-08-31 05:52:09','2020-08-31 05:52:09',5,2),(2,'2020-09-02 03:22:30','2020-09-02 03:22:30',5,3),(3,'2020-09-02 03:23:24','2020-09-02 03:23:24',2,5),(4,'2020-09-02 03:25:31','2020-09-02 03:25:31',2,3),(5,'2020-09-02 03:25:40','2020-09-02 03:25:40',5,4);
/*!40000 ALTER TABLE `direct_messages` ENABLE KEYS */;
UNLOCK TABLES;

--
-- Table structure for table `failed_jobs`
--

DROP TABLE IF EXISTS `failed_jobs`;
/*!40101 SET @saved_cs_client     = @@character_set_client */;
/*!40101 SET character_set_client = utf8 */;
CREATE TABLE `failed_jobs` (
  `id` bigint(20) unsigned NOT NULL AUTO_INCREMENT,
  `connection` text COLLATE utf8mb4_unicode_ci NOT NULL,
  `queue` text COLLATE utf8mb4_unicode_ci NOT NULL,
  `payload` longtext COLLATE utf8mb4_unicode_ci NOT NULL,
  `exception` longtext COLLATE utf8mb4_unicode_ci NOT NULL,
  `failed_at` timestamp NOT NULL DEFAULT CURRENT_TIMESTAMP,
  PRIMARY KEY (`id`)
) ENGINE=InnoDB DEFAULT CHARSET=utf8mb4 COLLATE=utf8mb4_unicode_ci;
/*!40101 SET character_set_client = @saved_cs_client */;

--
-- Dumping data for table `failed_jobs`
--

LOCK TABLES `failed_jobs` WRITE;
/*!40000 ALTER TABLE `failed_jobs` DISABLE KEYS */;
/*!40000 ALTER TABLE `failed_jobs` ENABLE KEYS */;
UNLOCK TABLES;

--
-- Table structure for table `invites`
--

DROP TABLE IF EXISTS `invites`;
/*!40101 SET @saved_cs_client     = @@character_set_client */;
/*!40101 SET character_set_client = utf8 */;
CREATE TABLE `invites` (
  `id` bigint(20) unsigned NOT NULL AUTO_INCREMENT,
  `from_id` int(10) unsigned NOT NULL,
  `to_id` int(10) unsigned NOT NULL,
  `type` enum('FRND','JOIN','INVT') COLLATE utf8mb4_unicode_ci NOT NULL,
  `created_at` timestamp NULL DEFAULT NULL,
  `updated_at` timestamp NULL DEFAULT NULL,
  PRIMARY KEY (`id`)
) ENGINE=InnoDB AUTO_INCREMENT=253 DEFAULT CHARSET=utf8mb4 COLLATE=utf8mb4_unicode_ci;
/*!40101 SET character_set_client = @saved_cs_client */;

--
-- Dumping data for table `invites`
--

LOCK TABLES `invites` WRITE;
/*!40000 ALTER TABLE `invites` DISABLE KEYS */;
INSERT INTO `invites` VALUES (1,1,2,'FRND','2020-09-21 06:23:24','2020-09-21 06:23:24'),(2,1,2,'FRND','2020-09-21 06:29:09','2020-09-21 06:29:09'),(3,1,2,'FRND','2020-10-02 04:56:04','2020-10-02 04:56:04'),(4,1,2,'FRND','2020-10-02 04:58:51','2020-10-02 04:58:51'),(5,1,2,'FRND','2020-10-02 05:06:17','2020-10-02 05:06:17'),(6,1,2,'FRND','2020-10-02 05:16:03','2020-10-02 05:16:03'),(7,1,2,'FRND','2020-10-02 05:16:37','2020-10-02 05:16:37'),(8,1,2,'FRND','2020-10-02 05:16:39','2020-10-02 05:16:39'),(9,1,2,'FRND','2020-10-02 05:16:39','2020-10-02 05:16:39'),(10,1,2,'FRND','2020-10-02 05:16:40','2020-10-02 05:16:40'),(11,1,2,'FRND','2020-10-02 05:19:11','2020-10-02 05:19:11'),(12,1,2,'FRND','2020-10-02 05:19:12','2020-10-02 05:19:12'),(13,1,2,'FRND','2020-10-02 05:20:39','2020-10-02 05:20:39'),(14,1,2,'FRND','2020-10-02 05:20:39','2020-10-02 05:20:39'),(15,1,2,'FRND','2020-10-02 05:23:08','2020-10-02 05:23:08'),(16,1,2,'FRND','2020-10-02 05:42:22','2020-10-02 05:42:22'),(17,1,2,'FRND','2020-10-02 05:42:22','2020-10-02 05:42:22'),(18,1,2,'FRND','2020-10-02 05:44:22','2020-10-02 05:44:22'),(19,1,2,'FRND','2020-10-02 05:44:55','2020-10-02 05:44:55'),(20,1,2,'FRND','2020-10-02 05:47:36','2020-10-02 05:47:36'),(21,1,2,'FRND','2020-10-02 05:47:36','2020-10-02 05:47:36'),(22,1,2,'FRND','2020-10-02 05:48:17','2020-10-02 05:48:17'),(23,1,2,'FRND','2020-10-02 05:48:17','2020-10-02 05:48:17'),(24,1,2,'FRND','2020-10-02 05:48:54','2020-10-02 05:48:54'),(25,1,2,'FRND','2020-10-02 05:53:23','2020-10-02 05:53:23'),(26,1,2,'FRND','2020-10-02 05:53:23','2020-10-02 05:53:23'),(27,1,2,'FRND','2020-10-02 05:53:24','2020-10-02 05:53:24'),(28,1,2,'FRND','2020-10-02 05:53:24','2020-10-02 05:53:24'),(29,1,2,'FRND','2020-10-02 05:53:24','2020-10-02 05:53:24'),(30,1,2,'FRND','2020-10-02 05:55:36','2020-10-02 05:55:36'),(31,1,2,'FRND','2020-10-02 05:56:40','2020-10-02 05:56:40'),(32,1,2,'FRND','2020-10-02 05:57:07','2020-10-02 05:57:07'),(33,1,2,'FRND','2020-10-02 05:57:07','2020-10-02 05:57:07'),(34,1,2,'FRND','2020-10-02 05:58:22','2020-10-02 05:58:22'),(35,1,2,'FRND','2020-10-05 08:26:25','2020-10-05 08:26:25'),(36,1,2,'FRND','2020-10-05 08:40:21','2020-10-05 08:40:21'),(37,1,2,'FRND','2020-10-05 08:41:04','2020-10-05 08:41:04'),(38,1,2,'FRND','2020-10-05 08:43:45','2020-10-05 08:43:45'),(39,1,2,'FRND','2020-10-05 08:45:32','2020-10-05 08:45:32'),(40,1,2,'FRND','2020-10-05 08:47:24','2020-10-05 08:47:24'),(41,1,2,'FRND','2020-10-05 08:48:33','2020-10-05 08:48:33'),(42,1,2,'FRND','2020-10-06 09:54:53','2020-10-06 09:54:53'),(43,1,2,'FRND','2020-10-06 09:57:30','2020-10-06 09:57:30'),(44,1,2,'FRND','2020-10-06 09:58:23','2020-10-06 09:58:23'),(45,1,2,'FRND','2020-10-06 10:02:46','2020-10-06 10:02:46'),(46,1,2,'FRND','2020-10-06 10:08:50','2020-10-06 10:08:50'),(47,1,2,'FRND','2020-10-06 10:09:12','2020-10-06 10:09:12'),(48,1,2,'FRND','2020-10-06 10:09:12','2020-10-06 10:09:12'),(49,1,2,'FRND','2020-10-06 10:11:10','2020-10-06 10:11:10'),(50,1,2,'FRND','2020-10-07 05:52:46','2020-10-07 05:52:46'),(51,1,2,'FRND','2020-10-07 05:53:51','2020-10-07 05:53:51'),(52,1,2,'FRND','2020-10-07 06:17:46','2020-10-07 06:17:46'),(53,1,2,'FRND','2020-10-07 10:58:15','2020-10-07 10:58:15'),(54,1,2,'FRND','2020-10-07 10:58:16','2020-10-07 10:58:16'),(55,1,2,'FRND','2020-10-07 10:58:58','2020-10-07 10:58:58'),(56,1,2,'FRND','2020-10-07 11:06:41','2020-10-07 11:06:41'),(57,1,2,'FRND','2020-10-07 11:06:41','2020-10-07 11:06:41'),(58,1,2,'FRND','2020-10-08 04:41:41','2020-10-08 04:41:41'),(59,1,2,'FRND','2020-10-08 04:41:49','2020-10-08 04:41:49'),(60,1,2,'FRND','2020-10-08 04:43:11','2020-10-08 04:43:11'),(61,1,2,'FRND','2020-10-08 04:45:23','2020-10-08 04:45:23'),(62,1,2,'FRND','2020-10-08 04:49:12','2020-10-08 04:49:12'),(63,1,2,'FRND','2020-10-08 04:55:48','2020-10-08 04:55:48'),(64,1,2,'FRND','2020-10-08 04:55:48','2020-10-08 04:55:48'),(65,1,2,'FRND','2020-10-08 04:57:30','2020-10-08 04:57:30'),(66,1,2,'FRND','2020-10-08 04:59:26','2020-10-08 04:59:26'),(67,1,2,'FRND','2020-10-08 05:00:43','2020-10-08 05:00:43'),(68,1,2,'FRND','2020-10-08 05:00:43','2020-10-08 05:00:43'),(69,1,2,'FRND','2020-10-09 10:39:14','2020-10-09 10:39:14'),(70,1,2,'FRND','2020-10-09 10:39:23','2020-10-09 10:39:23'),(71,1,2,'FRND','2020-10-09 10:40:02','2020-10-09 10:40:02'),(72,1,2,'FRND','2020-10-09 10:43:41','2020-10-09 10:43:41'),(73,1,2,'FRND','2020-10-09 10:44:30','2020-10-09 10:44:30'),(74,1,2,'FRND','2020-10-09 10:51:16','2020-10-09 10:51:16'),(75,1,2,'FRND','2020-10-09 10:53:29','2020-10-09 10:53:29'),(76,1,2,'FRND','2020-10-09 10:53:35','2020-10-09 10:53:35'),(77,1,2,'FRND','2020-10-10 03:44:48','2020-10-10 03:44:48'),(78,1,2,'FRND','2020-10-10 03:47:18','2020-10-10 03:47:18'),(79,1,2,'FRND','2020-10-10 04:03:15','2020-10-10 04:03:15'),(80,1,2,'FRND','2020-10-10 04:05:13','2020-10-10 04:05:13'),(81,1,2,'FRND','2020-10-10 10:36:49','2020-10-10 10:36:49'),(82,1,2,'FRND','2020-10-10 10:36:56','2020-10-10 10:36:56'),(83,1,2,'FRND','2020-10-10 10:38:43','2020-10-10 10:38:43'),(84,1,2,'FRND','2020-10-10 10:39:59','2020-10-10 10:39:59'),(85,1,2,'FRND','2020-10-10 10:42:43','2020-10-10 10:42:43'),(86,1,2,'FRND','2020-10-10 10:45:08','2020-10-10 10:45:08'),(87,1,2,'FRND','2020-10-10 10:46:29','2020-10-10 10:46:29'),(88,1,2,'FRND','2020-10-10 10:47:01','2020-10-10 10:47:01'),(89,1,2,'FRND','2020-10-10 10:47:48','2020-10-10 10:47:48'),(90,1,2,'FRND','2020-10-10 10:48:30','2020-10-10 10:48:30'),(91,1,2,'FRND','2020-10-10 10:50:01','2020-10-10 10:50:01'),(92,1,2,'FRND','2020-10-10 10:50:35','2020-10-10 10:50:35'),(93,1,3,'FRND','2020-10-10 11:05:10','2020-10-10 11:05:10'),(94,1,3,'FRND','2020-10-10 11:05:56','2020-10-10 11:05:56'),(95,1,3,'FRND','2020-10-10 11:09:21','2020-10-10 11:09:21'),(96,1,3,'FRND','2020-10-10 11:10:39','2020-10-10 11:10:39'),(97,1,3,'FRND','2020-10-10 11:12:24','2020-10-10 11:12:24'),(98,1,3,'FRND','2020-10-10 11:12:59','2020-10-10 11:12:59'),(99,1,3,'FRND','2020-10-10 11:13:28','2020-10-10 11:13:28'),(100,1,3,'FRND','2020-10-10 11:15:38','2020-10-10 11:15:38'),(101,1,3,'FRND','2020-10-10 11:17:05','2020-10-10 11:17:05'),(102,1,2,'FRND','2020-10-10 11:37:22','2020-10-10 11:37:22'),(103,1,2,'FRND','2020-10-10 11:37:27','2020-10-10 11:37:27'),(104,1,2,'FRND','2020-10-10 11:38:23','2020-10-10 11:38:23'),(105,1,2,'FRND','2020-10-10 11:40:02','2020-10-10 11:40:02'),(106,1,2,'FRND','2020-10-10 11:43:14','2020-10-10 11:43:14'),(107,1,2,'FRND','2020-10-10 11:44:12','2020-10-10 11:44:12'),(108,1,2,'FRND','2020-10-10 12:55:51','2020-10-10 12:55:51'),(109,1,3,'FRND','2020-10-11 08:40:18','2020-10-11 08:40:18'),(110,1,3,'FRND','2020-10-11 08:41:01','2020-10-11 08:41:01'),(111,1,3,'FRND','2020-10-11 08:45:42','2020-10-11 08:45:42'),(112,1,2,'FRND','2020-10-11 08:45:57','2020-10-11 08:45:57'),(113,3,1,'FRND','2020-10-11 08:46:25','2020-10-11 08:46:25'),(114,1,3,'FRND','2020-10-11 08:50:39','2020-10-11 08:50:39'),(115,1,3,'FRND','2020-10-11 08:53:38','2020-10-11 08:53:38'),(116,1,3,'FRND','2020-10-11 08:55:52','2020-10-11 08:55:52'),(117,1,3,'FRND','2020-10-11 08:58:06','2020-10-11 08:58:06'),(118,3,2,'FRND','2020-10-11 08:59:16','2020-10-11 08:59:16'),(119,1,3,'FRND','2020-10-11 09:00:52','2020-10-11 09:00:52'),(120,3,2,'FRND','2020-10-11 09:01:12','2020-10-11 09:01:12'),(121,3,2,'FRND','2020-10-11 09:02:35','2020-10-11 09:02:35'),(122,3,2,'FRND','2020-10-11 09:03:35','2020-10-11 09:03:35'),(123,3,2,'FRND','2020-10-11 09:04:57','2020-10-11 09:04:57'),(124,3,2,'FRND','2020-10-11 09:05:23','2020-10-11 09:05:23'),(125,3,1,'FRND','2020-10-11 09:05:44','2020-10-11 09:05:44'),(126,3,2,'FRND','2020-10-11 09:10:11','2020-10-11 09:10:11'),(127,3,2,'FRND','2020-10-11 09:10:36','2020-10-11 09:10:36'),(128,3,1,'FRND','2020-10-11 09:12:39','2020-10-11 09:12:39'),(129,3,1,'FRND','2020-10-11 09:13:19','2020-10-11 09:13:19'),(130,3,1,'FRND','2020-10-11 09:16:14','2020-10-11 09:16:14'),(131,3,1,'FRND','2020-10-11 09:17:34','2020-10-11 09:17:34'),(132,2,3,'FRND','2020-10-11 09:18:23','2020-10-11 09:18:23'),(133,4,1,'FRND','2020-10-12 12:16:17','2020-10-12 12:16:17'),(134,4,2,'FRND','2020-10-12 12:20:54','2020-10-12 12:20:54'),(135,4,2,'FRND','2020-10-12 12:21:03','2020-10-12 12:21:03'),(136,4,2,'FRND','2020-10-12 12:22:22','2020-10-12 12:22:22'),(137,2,4,'FRND','2020-10-12 12:22:53','2020-10-12 12:22:53'),(138,2,4,'FRND','2020-10-12 12:23:39','2020-10-12 12:23:39'),(139,4,2,'FRND','2020-10-12 12:23:49','2020-10-12 12:23:49'),(140,4,2,'FRND','2020-10-12 12:24:54','2020-10-12 12:24:54'),(141,4,3,'FRND','2020-10-12 12:25:46','2020-10-12 12:25:46'),(142,4,2,'FRND','2020-10-12 12:25:49','2020-10-12 12:25:49'),(143,4,3,'FRND','2020-10-12 12:28:13','2020-10-12 12:28:13'),(144,4,3,'FRND','2020-10-12 12:28:17','2020-10-12 12:28:17'),(145,4,3,'FRND','2020-10-12 12:30:57','2020-10-12 12:30:57'),(146,5,1,'FRND','2020-10-15 05:15:30','2020-10-15 05:15:30'),(147,5,1,'FRND','2020-10-15 05:18:17','2020-10-15 05:18:17'),(148,5,1,'FRND','2020-10-15 05:20:35','2020-10-15 05:20:35'),(149,5,1,'FRND','2020-10-15 05:23:05','2020-10-15 05:23:05'),(150,5,1,'FRND','2020-10-15 05:26:20','2020-10-15 05:26:20'),(151,5,1,'FRND','2020-10-15 05:31:17','2020-10-15 05:31:17'),(152,2,1,'FRND','2020-10-16 09:07:52','2020-10-16 09:07:52'),(153,4,1,'FRND','2020-10-17 07:23:25','2020-10-17 07:23:25'),(154,4,1,'FRND','2020-10-17 10:00:04','2020-10-17 10:00:04'),(155,4,1,'FRND','2020-10-17 10:17:19','2020-10-17 10:17:19'),(156,4,1,'FRND','2020-10-17 10:17:28','2020-10-17 10:17:28'),(157,4,1,'FRND','2020-10-17 10:18:13','2020-10-17 10:18:13'),(158,4,1,'FRND','2020-10-17 10:21:18','2020-10-17 10:21:18'),(159,4,1,'FRND','2020-10-17 10:21:46','2020-10-17 10:21:46'),(160,2,1,'FRND','2020-10-18 06:09:07','2020-10-18 06:09:07'),(161,2,1,'FRND','2020-10-18 06:09:09','2020-10-18 06:09:09'),(162,2,1,'FRND','2020-10-18 06:09:10','2020-10-18 06:09:10'),(163,2,1,'FRND','2020-10-18 06:09:10','2020-10-18 06:09:10'),(164,2,1,'FRND','2020-10-18 06:21:06','2020-10-18 06:21:06'),(165,2,1,'FRND','2020-10-18 06:21:06','2020-10-18 06:21:06'),(166,2,1,'FRND','2020-10-18 06:21:07','2020-10-18 06:21:07'),(167,2,1,'FRND','2020-10-18 06:21:07','2020-10-18 06:21:07'),(168,2,1,'FRND','2020-10-18 06:21:08','2020-10-18 06:21:08'),(169,3,1,'FRND','2020-10-19 07:20:39','2020-10-19 07:20:39'),(170,3,1,'FRND','2020-10-19 07:22:36','2020-10-19 07:22:36'),(171,1,19,'JOIN','2020-10-29 03:31:37','2020-10-29 03:31:37'),(172,1,19,'JOIN','2020-10-29 03:33:38','2020-10-29 03:33:38'),(173,5,2,'FRND','2020-10-29 03:57:24','2020-10-29 03:57:24'),(174,5,3,'FRND','2020-10-29 04:01:22','2020-10-29 04:01:22'),(175,5,19,'JOIN','2020-10-29 05:28:45','2020-10-29 05:28:45'),(176,1,19,'JOIN','2020-10-29 06:12:33','2020-10-29 06:12:33'),(177,1,19,'JOIN','2020-10-29 06:15:35','2020-10-29 06:15:35'),(178,1,19,'JOIN','2020-10-29 06:20:45','2020-10-29 06:20:45'),(179,1,19,'JOIN','2020-10-29 06:23:56','2020-10-29 06:23:56'),(180,1,19,'JOIN','2020-10-29 06:38:28','2020-10-29 06:38:28'),(181,1,19,'JOIN','2020-10-29 06:39:18','2020-10-29 06:39:18'),(182,1,19,'JOIN','2020-10-29 06:40:43','2020-10-29 06:40:43'),(183,1,19,'JOIN','2020-10-29 06:43:18','2020-10-29 06:43:18'),(184,1,19,'JOIN','2020-10-29 06:48:41','2020-10-29 06:48:41'),(185,1,19,'JOIN','2020-10-29 06:49:37','2020-10-29 06:49:37'),(186,1,19,'JOIN','2020-10-29 06:55:18','2020-10-29 06:55:18'),(187,4,19,'JOIN','2020-10-30 12:04:02','2020-10-30 12:04:02'),(188,4,19,'JOIN','2020-10-30 12:04:14','2020-10-30 12:04:14'),(189,4,19,'JOIN','2020-10-30 12:04:25','2020-10-30 12:04:25'),(190,4,19,'JOIN','2020-10-30 12:08:57','2020-10-30 12:08:57'),(191,4,19,'JOIN','2020-10-30 12:43:15','2020-10-30 12:43:15'),(192,4,19,'JOIN','2020-10-30 12:43:27','2020-10-30 12:43:27'),(193,4,19,'JOIN','2020-10-30 12:51:10','2020-10-30 12:51:10'),(194,4,19,'JOIN','2020-10-30 12:52:26','2020-10-30 12:52:26'),(195,1,19,'JOIN','2020-10-31 09:14:07','2020-10-31 09:14:07'),(196,1,19,'JOIN','2020-10-31 09:17:17','2020-10-31 09:17:17'),(197,1,19,'JOIN','2020-10-31 09:18:21','2020-10-31 09:18:21'),(198,1,19,'JOIN','2020-10-31 09:31:29','2020-10-31 09:31:29'),(199,1,19,'JOIN','2020-10-31 09:40:07','2020-10-31 09:40:07'),(200,1,2,'FRND','2020-10-31 09:46:36','2020-10-31 09:46:36'),(201,1,2,'FRND','2020-10-31 09:53:36','2020-10-31 09:53:36'),(202,1,19,'JOIN','2020-10-31 09:54:32','2020-10-31 09:54:32'),(203,1,19,'JOIN','2020-10-31 09:55:35','2020-10-31 09:55:35'),(204,1,2,'FRND','2020-10-31 09:56:06','2020-10-31 09:56:06'),(205,18,12,'INVT','2020-11-08 04:18:46','2020-11-08 04:18:46'),(206,18,12,'INVT','2020-11-08 04:20:22','2020-11-08 04:20:22'),(207,18,12,'INVT','2020-11-08 04:21:56','2020-11-08 04:21:56'),(208,18,12,'INVT','2020-11-08 04:23:34','2020-11-08 04:23:34'),(209,18,1,'INVT','2020-11-08 04:28:52','2020-11-08 04:28:52'),(210,3,19,'JOIN','2020-11-08 04:42:06','2020-11-08 04:42:06'),(211,18,2,'INVT','2020-11-08 04:42:59','2020-11-08 04:42:59'),(212,3,2,'FRND','2020-11-08 04:44:00','2020-11-08 04:44:00'),(213,19,1,'INVT','2020-11-12 12:16:27','2020-11-12 12:16:27'),(214,19,4,'INVT','2020-11-12 12:17:46','2020-11-12 12:17:46'),(215,19,4,'INVT','2020-11-12 12:28:07','2020-11-12 12:28:07'),(216,18,5,'INVT','2020-11-12 12:30:07','2020-11-12 12:30:07'),(217,18,4,'INVT','2020-11-12 12:33:12','2020-11-12 12:33:12'),(218,19,3,'INVT','2020-11-12 12:39:36','2020-11-12 12:39:36'),(219,2,1,'FRND','2020-11-14 12:38:09','2020-11-14 12:38:09'),(220,1,4,'JOIN','2020-11-14 12:40:43','2020-11-14 12:40:43'),(221,1,2,'FRND','2020-11-14 12:41:17','2020-11-14 12:41:17'),(222,2,1,'FRND','2020-11-14 12:58:50','2020-11-14 12:58:50'),(223,2,4,'FRND','2020-11-15 11:27:25','2020-11-15 11:27:25'),(224,2,4,'FRND','2020-11-15 11:27:47','2020-11-15 11:27:47'),(225,19,4,'INVT','2020-11-15 11:28:24','2020-11-15 11:28:24'),(226,19,4,'INVT','2020-11-15 11:28:49','2020-11-15 11:28:49'),(227,4,2,'FRND','2020-11-15 11:29:03','2020-11-15 11:29:03'),(228,4,1,'FRND','2020-11-15 11:29:30','2020-11-15 11:29:30'),(229,1,2,'FRND','2020-11-15 12:20:37','2020-11-15 12:20:37'),(230,3,4,'FRND','2020-11-15 12:21:37','2020-11-15 12:21:37'),(231,4,3,'FRND','2020-11-15 12:21:52','2020-11-15 12:21:52'),(232,3,4,'FRND','2020-11-15 12:22:11','2020-11-15 12:22:11'),(233,3,4,'FRND','2020-11-15 12:22:14','2020-11-15 12:22:14'),(234,3,1,'FRND','2020-11-15 12:25:54','2020-11-15 12:25:54'),(235,3,1,'FRND','2020-11-15 12:25:55','2020-11-15 12:25:55'),(236,1,2,'FRND','2020-11-15 13:15:23','2020-11-15 13:15:23'),(237,2,1,'FRND','2020-11-15 13:15:42','2020-11-15 13:15:42'),(238,4,2,'FRND','2020-11-15 13:21:10','2020-11-15 13:21:10'),(239,2,4,'FRND','2020-11-15 13:23:30','2020-11-15 13:23:30'),(240,4,2,'FRND','2020-11-15 13:24:03','2020-11-15 13:24:03'),(241,19,4,'INVT','2020-11-15 13:24:17','2020-11-15 13:24:17'),(242,3,2,'FRND','2020-11-15 13:40:26','2020-11-15 13:40:26'),(243,2,3,'FRND','2020-11-15 13:40:42','2020-11-15 13:40:42'),(244,19,3,'INVT','2020-11-15 13:40:51','2020-11-15 13:40:51'),(245,2,3,'FRND','2020-11-16 06:26:39','2020-11-16 06:26:39'),(246,3,2,'FRND','2020-11-16 06:29:14','2020-11-16 06:29:14'),(247,3,4,'FRND','2020-11-16 06:32:01','2020-11-16 06:32:01'),(248,3,4,'FRND','2020-11-16 06:32:22','2020-11-16 06:32:22'),(249,3,4,'FRND','2020-11-16 06:33:28','2020-11-16 06:33:28'),(250,4,3,'FRND','2020-11-16 06:33:47','2020-11-16 06:33:47'),(251,3,1,'FRND','2020-11-17 06:39:40','2020-11-17 06:39:40'),(252,18,1,'INVT','2020-11-17 06:39:51','2020-11-17 06:39:51');
/*!40000 ALTER TABLE `invites` ENABLE KEYS */;
UNLOCK TABLES;

--
-- Table structure for table `messages`
--

DROP TABLE IF EXISTS `messages`;
/*!40101 SET @saved_cs_client     = @@character_set_client */;
/*!40101 SET character_set_client = utf8 */;
CREATE TABLE `messages` (
  `id` int(10) unsigned NOT NULL AUTO_INCREMENT,
  `user_id` int(10) unsigned NOT NULL,
  `message` text COLLATE utf8mb4_unicode_ci NOT NULL,
  `channel_id` int(10) unsigned NOT NULL,
  `created_at` timestamp NULL DEFAULT NULL,
  `updated_at` timestamp NULL DEFAULT NULL,
  PRIMARY KEY (`id`)
) ENGINE=InnoDB AUTO_INCREMENT=92 DEFAULT CHARSET=utf8mb4 COLLATE=utf8mb4_unicode_ci;
/*!40101 SET character_set_client = @saved_cs_client */;

--
-- Dumping data for table `messages`
--

LOCK TABLES `messages` WRITE;
/*!40000 ALTER TABLE `messages` DISABLE KEYS */;
INSERT INTO `messages` VALUES (1,1,'hello memesoon my old friend',8,'2020-09-09 04:58:53','2020-09-09 04:58:53'),(2,1,'i\'ve come to chat with you again',8,'2020-09-09 04:59:03','2020-09-09 04:59:03'),(3,2,'in the halo of a street lamp',8,'2020-09-09 05:01:13','2020-09-09 05:01:13'),(4,2,'i turned my collar to the cold and damp',8,'2020-09-09 05:02:19','2020-09-09 05:02:19'),(5,1,'STANDING HERE,  I FEELIZE',8,'2020-09-09 05:08:21','2020-09-09 05:08:21'),(6,1,'baka mitai',8,'2020-09-09 00:05:37','2020-09-09 00:05:37'),(7,2,'dame da ne',8,'2020-09-09 00:06:04','2020-09-09 00:06:04'),(8,1,'watashi wa in generaru channer des',5,'2020-09-09 00:10:35','2020-09-09 00:10:35'),(9,2,'hai, i am tsu in generaru channer',5,'2020-09-09 00:10:56','2020-09-09 00:10:56'),(10,2,'bing bong',5,'2020-09-09 00:11:22','2020-09-09 00:11:22'),(11,2,'baka mitai',5,'2020-09-09 00:12:52','2020-09-09 00:12:52'),(12,1,'dame de na',5,'2020-09-09 00:13:02','2020-09-09 00:13:02'),(13,2,'arr arong za wass towa',5,'2020-09-09 00:13:19','2020-09-09 00:13:19'),(14,1,'za purincesu kept za wyu',5,'2020-09-09 00:14:31','2020-09-09 00:14:31'),(15,1,'ching cheng hanj',7,'2020-09-09 01:00:12','2020-09-09 01:00:12'),(16,2,'kicchen in the dungeon',7,'2020-09-09 06:38:45','2020-09-09 06:38:45'),(17,2,'hello',7,'2020-09-09 06:50:15','2020-09-09 06:50:15'),(18,1,'hello',7,'2020-09-09 06:51:13','2020-09-09 06:51:13'),(19,2,'bing bong',7,'2020-09-09 07:04:27','2020-09-09 07:04:27'),(20,2,'ching chong',5,'2020-09-09 07:04:46','2020-09-09 07:04:46'),(21,1,'Qin Cheng Hon Chi',7,'2020-09-09 07:12:47','2020-09-09 07:12:47'),(22,1,'hello',5,'2020-09-09 07:13:26','2020-09-09 07:13:26'),(23,1,'bing bong ching chong zhong',8,'2020-09-09 07:13:55','2020-09-09 07:13:55'),(24,1,'ting tong dong long',7,'2020-09-09 07:14:06','2020-09-09 07:14:06'),(25,2,'Why am i still testing',7,'2020-09-09 07:18:03','2020-09-09 07:18:03'),(26,2,'why dont this add my replies',5,'2020-09-09 07:24:30','2020-09-09 07:24:30'),(27,1,'ching beng',7,'2020-09-09 07:27:55','2020-09-09 07:27:55'),(28,1,'dsgrwhwhwhjhjj',7,'2020-09-09 07:30:50','2020-09-09 07:30:50'),(29,2,'a message',5,'2020-09-09 07:31:43','2020-09-09 07:31:43'),(30,1,'a reply',5,'2020-09-09 07:32:05','2020-09-09 07:32:05'),(31,2,'a reply test',7,'2020-09-09 07:34:16','2020-09-09 07:34:16'),(32,2,'antoher reply tst',7,'2020-09-09 07:36:36','2020-09-09 07:36:36'),(33,2,'im sick of this',5,'2020-09-09 07:37:08','2020-09-09 07:37:08'),(34,2,'does this work',8,'2020-09-09 07:37:26','2020-09-09 07:37:26'),(35,2,'im fedup ples work',7,'2020-09-09 07:41:17','2020-09-09 07:41:17'),(36,2,'this is from general channel',5,'2020-09-09 07:42:11','2020-09-09 07:42:11'),(37,1,'a new channel supopely',5,'2020-09-09 07:44:16','2020-09-09 07:44:16'),(38,1,'so why doesn\'t this work',7,'2020-09-09 07:44:53','2020-09-09 07:44:53'),(39,2,'sgrfsjuykykt',8,'2020-09-09 07:48:07','2020-09-09 07:48:07'),(40,2,'hjkuityhbvgjkuutl',7,'2020-09-09 07:48:40','2020-09-09 07:48:40'),(41,1,'please work',7,'2020-09-09 07:52:28','2020-09-09 07:52:28'),(42,1,'hello',5,'2020-09-09 07:53:12','2020-09-09 07:53:12'),(43,1,'what must i say',7,'2020-09-09 07:54:23','2020-09-09 07:54:23'),(44,1,'another mesg',7,'2020-09-09 08:02:32','2020-09-09 08:02:32'),(45,1,'third message sent',7,'2020-09-09 08:03:11','2020-09-09 08:03:11'),(46,1,'fire messagesetn',7,'2020-09-09 08:05:51','2020-09-09 08:05:51'),(47,2,'STANDING HERE I FEELIZE',7,'2020-09-09 08:20:08','2020-09-09 08:20:08'),(48,2,'HELLO MEMESOON MY OLD FREND',8,'2020-09-09 08:23:50','2020-09-09 08:23:50'),(49,2,'MY MESSAGES ARE GOING THROUGH AGAIN',5,'2020-09-09 08:24:12','2020-09-09 08:24:12'),(50,1,'hello',5,'2020-10-02 05:47:17','2020-10-02 05:47:17'),(51,1,'i\'ve some t ochat with you again',8,'2020-10-19 04:04:32','2020-10-19 04:04:32'),(52,2,'in the halo of a streetlamp',8,'2020-10-19 04:06:57','2020-10-19 04:06:57'),(53,1,'hello',8,'2020-10-20 10:15:14','2020-10-20 10:15:14'),(54,2,'WASH AWAY THE ANGER',19,'2020-11-01 09:42:30','2020-11-01 09:42:30'),(55,1,'HERE I STAND BENEATH THE WARM AND SOOTHING RAIN',19,'2020-11-01 09:42:45','2020-11-01 09:42:45'),(56,2,'THE DROPLETS FALLING GENTLY DOWN ON THE TERRAIN',19,'2020-11-01 09:43:02','2020-11-01 09:43:02'),(57,1,'HELLO',19,'2020-11-01 09:43:52','2020-11-01 09:43:52'),(58,1,'STANDING HERE',18,'2020-11-01 09:44:41','2020-11-01 09:44:41'),(59,1,'I FEELIZE',18,'2020-11-01 09:44:56','2020-11-01 09:44:56'),(60,1,'ITS MY LIKE',19,'2020-11-01 09:55:57','2020-11-01 09:55:57'),(61,2,'LIVE FOREVER',19,'2020-11-01 09:57:37','2020-11-01 09:57:37'),(62,1,'ES MI VIDA',19,'2020-11-01 09:57:57','2020-11-01 09:57:57'),(63,2,'MY HEART IS LIKE A BROKEN HIGHWAY',19,'2020-11-01 09:58:16','2020-11-01 09:58:16'),(64,1,'LIKE FRANKIE SAID I DID IT MY WAY',7,'2020-11-01 09:59:17','2020-11-01 09:59:17'),(65,2,'IDS MY LIBE',5,'2020-11-01 09:59:38','2020-11-01 09:59:38'),(66,1,'GRUPPA KROVI',7,'2020-11-01 10:00:08','2020-11-01 10:00:08'),(67,1,'LETO',7,'2020-11-01 10:00:27','2020-11-01 10:00:27'),(68,2,'FROM MEMESOON\'S CHANNEL OF MAY MAYS',19,'2020-11-01 10:01:10','2020-11-01 10:01:10'),(69,1,'HELLO FREND',5,'2020-11-01 10:01:36','2020-11-01 10:01:36'),(70,1,'dans le canal de monsoon',19,'2020-11-01 10:35:01','2020-11-01 10:35:01'),(71,2,'hon hon hon hon, j\'ai here too mon ami',19,'2020-11-01 10:35:34','2020-11-01 10:35:34'),(72,1,'un test to cheque if le messages come in le canal general',19,'2020-11-01 10:36:58','2020-11-01 10:36:58'),(73,1,'shawn in senator\'s channel',18,'2020-11-01 10:43:20','2020-11-01 10:43:20'),(74,2,'monsoon in senator\'s channel',18,'2020-11-01 10:43:46','2020-11-01 10:43:46'),(75,1,'shawn from general channel',5,'2020-11-01 10:45:09','2020-11-01 10:45:09'),(76,1,'shawn in senator\'s channel again',18,'2020-11-01 10:45:37','2020-11-01 10:45:37'),(77,2,'monsoon in general channel now',5,'2020-11-01 10:46:30','2020-11-01 10:46:30'),(78,1,'shawn in general channel again',5,'2020-11-01 10:47:20','2020-11-01 10:47:20'),(79,2,'monsoon from general channel',5,'2020-11-01 10:47:44','2020-11-01 10:47:44'),(80,1,'shawn in senator\'s channel again',18,'2020-11-01 10:48:04','2020-11-01 10:48:04'),(81,2,'monsoon from general channel',5,'2020-11-01 10:49:00','2020-11-01 10:49:00'),(82,1,'hello',18,'2020-11-01 10:49:35','2020-11-01 10:49:35'),(83,1,'hello dankess my old friend',18,'2020-11-01 10:50:13','2020-11-01 10:50:13'),(84,1,'ive come to chat with you again',7,'2020-11-01 10:51:07','2020-11-01 10:51:07'),(85,1,'in the halo of a streep labg',7,'2020-11-01 10:51:29','2020-11-01 10:51:29'),(86,1,'collar of the cold and dank',7,'2020-11-01 10:51:43','2020-11-01 10:51:43'),(87,1,'STANDING HERE',5,'2020-11-14 12:06:14','2020-11-14 12:06:14'),(88,2,'I FEELIZE',5,'2020-11-14 12:06:22','2020-11-14 12:06:22'),(89,1,'HOLY DIVER',5,'2020-11-14 12:39:02','2020-11-14 12:39:02'),(90,1,'KONO JIO DA',8,'2020-11-14 12:39:34','2020-11-14 12:39:34'),(91,1,'HELLO',8,'2020-11-14 12:40:20','2020-11-14 12:40:20');
/*!40000 ALTER TABLE `messages` ENABLE KEYS */;
UNLOCK TABLES;

--
-- Table structure for table `migrations`
--

DROP TABLE IF EXISTS `migrations`;
/*!40101 SET @saved_cs_client     = @@character_set_client */;
/*!40101 SET character_set_client = utf8 */;
CREATE TABLE `migrations` (
  `id` int(10) unsigned NOT NULL AUTO_INCREMENT,
  `migration` varchar(255) COLLATE utf8mb4_unicode_ci NOT NULL,
  `batch` int(11) NOT NULL,
  PRIMARY KEY (`id`)
) ENGINE=InnoDB AUTO_INCREMENT=70 DEFAULT CHARSET=utf8mb4 COLLATE=utf8mb4_unicode_ci;
/*!40101 SET character_set_client = @saved_cs_client */;

--
-- Dumping data for table `migrations`
--

LOCK TABLES `migrations` WRITE;
/*!40000 ALTER TABLE `migrations` DISABLE KEYS */;
INSERT INTO `migrations` VALUES (10,'2018_12_04_192621_create_messages_table',2),(15,'2020_06_24_142801_drop_my_table',4),(18,'2020_08_31_095028_create_directmessage_table',6),(55,'2014_10_12_000000_create_users_table',7),(56,'2014_10_12_100000_create_password_resets_table',7),(57,'2016_06_01_000001_create_oauth_auth_codes_table',7),(58,'2016_06_01_000002_create_oauth_access_tokens_table',7),(59,'2016_06_01_000003_create_oauth_refresh_tokens_table',7),(60,'2016_06_01_000004_create_oauth_clients_table',7),(61,'2016_06_01_000005_create_oauth_personal_access_clients_table',7),(62,'2019_08_19_000000_create_failed_jobs_table',7),(63,'2020_06_21_090843_create_channels_table',7),(64,'2020_06_21_105102_create_user_channel_table',7),(65,'2020_06_24_142853_create_messages_table',7),(66,'2020_09_02_090607_create_details_table',7),(67,'2020_09_14_111713_create_notifications_table',8),(69,'2020_09_15_085747_create_invites_table',9);
/*!40000 ALTER TABLE `migrations` ENABLE KEYS */;
UNLOCK TABLES;

--
-- Table structure for table `notifications`
--

DROP TABLE IF EXISTS `notifications`;
/*!40101 SET @saved_cs_client     = @@character_set_client */;
/*!40101 SET character_set_client = utf8 */;
CREATE TABLE `notifications` (
  `id` char(36) COLLATE utf8mb4_unicode_ci NOT NULL,
  `type` varchar(255) COLLATE utf8mb4_unicode_ci NOT NULL,
  `notifiable_type` varchar(255) COLLATE utf8mb4_unicode_ci NOT NULL,
  `notifiable_id` bigint(20) unsigned NOT NULL,
  `data` text COLLATE utf8mb4_unicode_ci NOT NULL,
  `read_at` timestamp NULL DEFAULT NULL,
  `created_at` timestamp NULL DEFAULT NULL,
  `updated_at` timestamp NULL DEFAULT NULL,
  PRIMARY KEY (`id`),
  KEY `notifications_notifiable_type_notifiable_id_index` (`notifiable_type`,`notifiable_id`)
) ENGINE=InnoDB DEFAULT CHARSET=utf8mb4 COLLATE=utf8mb4_unicode_ci;
/*!40101 SET character_set_client = @saved_cs_client */;

--
-- Dumping data for table `notifications`
--

LOCK TABLES `notifications` WRITE;
/*!40000 ALTER TABLE `notifications` DISABLE KEYS */;
INSERT INTO `notifications` VALUES ('0019d8c3-8ae7-4d71-beaf-103217daef2f','App\\Notifications\\NotificationRequest','App\\User',1,'{\"sender_name\":\"Monsoon\",\"invite_id\":160,\"desc\":\"wants to be friends!\",\"id\":\"0019d8c3-8ae7-4d71-beaf-103217daef2f\"}','2020-10-18 06:19:50','2020-10-18 06:09:08','2020-10-18 06:19:50'),('0020c764-2ad5-44ac-ad50-f54c8c35a3ab','App\\Notifications\\NotificationRequest','App\\User',4,'{\"sender_name\":\"Steven Armstrong\",\"invite_id\":217,\"request_type\":\"INVT\",\"recv_channel\":\"SENATOR ARMSTRONG\'S PUBLIC CHANNEL\",\"desc\":\"has invited you to join channel SENATOR ARMSTRONG\'S PUBLIC CHANNEL!\",\"id\":\"0020c764-2ad5-44ac-ad50-f54c8c35a3ab\"}','2020-11-12 12:33:16','2020-11-12 12:33:12','2020-11-12 12:33:16'),('00a68b38-9795-4922-8824-b78efb4986da','App\\Notifications\\NotificationRequest','App\\User',2,'{\"sender_name\":\"Shawn D\'silva\",\"invite_id\":1,\"desc\":\"wants to be friends!\"}',NULL,'2020-10-08 04:59:26','2020-10-08 04:59:26'),('014ca4c7-f15f-4d04-8236-afb49c6a6113','App\\Notifications\\NotificationRequest','App\\User',1,'{\"invite_id\":14,\"desc\":\" wants to be friends!\"}',NULL,'2020-10-02 05:20:39','2020-10-02 05:20:39'),('028ee8e3-afaf-4976-850b-580fd955e756','App\\Notifications\\NotificationRequest','App\\User',2,'{\"sender_name\":\"Shawn D\'silva\",\"invite_id\":1,\"desc\":\"wants to be friends!\"}',NULL,'2020-10-10 10:47:48','2020-10-10 10:47:48'),('0392fd82-df9b-403a-afc6-f02266088ac4','App\\Notifications\\NotificationRequest','App\\User',1,'{\"invite_id\":17,\"desc\":\" wants to be friends!\"}',NULL,'2020-10-02 05:42:22','2020-10-02 05:42:22'),('03973fdc-c481-4632-acca-4d7086ee51cf','App\\Notifications\\NotificationRequest','App\\User',2,'{\"sender_name\":\"Shawn D\'silva\",\"invite_id\":1,\"desc\":\"wants to be friends!\"}',NULL,'2020-10-07 05:53:51','2020-10-07 05:53:51'),('03988d07-eae6-423b-b1e6-3224d7d223f4','App\\Notifications\\NotificationRequest','App\\User',2,'{\"sender_name\":\"Shawn D\'silva\",\"invite_id\":183,\"desc\":\"wants to join your channel !\",\"id\":\"03988d07-eae6-423b-b1e6-3224d7d223f4\"}','2020-10-29 06:43:20','2020-10-29 06:43:18','2020-10-29 06:43:20'),('03df3908-c3e0-4eb3-8ebf-441969fbcc2c','App\\Notifications\\NotificationRequest','App\\User',1,'{\"sender_name\":\"Shawn D\'silva\",\"invite_id\":1,\"desc\":\"wants to be friends!\"}',NULL,'2020-10-06 10:09:12','2020-10-06 10:09:12'),('05ff5384-2232-434c-a412-c178e8561ed5','App\\Notifications\\NotificationRequest','App\\User',2,'{\"sender_name\":\"Samuel Rodriguez\",\"invite_id\":189,\"desc\":\"wants to join your channel !\",\"id\":\"05ff5384-2232-434c-a412-c178e8561ed5\"}','2020-10-30 12:04:31','2020-10-30 12:04:25','2020-10-30 12:04:31'),('0669dcda-b2b9-4b19-84c9-fea5b20aed67','App\\Notifications\\NotificationRequest','App\\User',2,'{\"sender_name\":\"Shawn D\'silva\",\"invite_id\":199,\"type\":\"JOIN\",\"recv_channel\":\"Monsoon\'s MEME channel\",\"desc\":\"wants to join your channel Monsoon\'s MEME channel!\",\"id\":\"0669dcda-b2b9-4b19-84c9-fea5b20aed67\"}','2020-10-31 09:40:20','2020-10-31 09:40:07','2020-10-31 09:40:20'),('06be9779-07bc-449b-a5a9-8adb3a57a930','App\\Notifications\\NotificationRequest','App\\User',3,'{\"sender_name\":\"Shawn D\'silva\",\"invite_id\":1,\"desc\":\"wants to be friends!\"}','2020-11-08 04:40:33','2020-10-11 09:00:52','2020-11-08 04:40:33'),('08891baf-129b-4d5f-835d-09fbe723cadb','App\\Notifications\\NotificationRequest','App\\User',2,'{\"sender_name\":\"Shawn D\'silva\",\"invite_id\":179,\"desc\":\"wants to join your channel !\",\"id\":\"08891baf-129b-4d5f-835d-09fbe723cadb\"}','2020-10-29 06:24:04','2020-10-29 06:23:56','2020-10-29 06:24:04'),('088bd62d-40ec-4ee1-94fa-df1d8b4c1ebf','App\\Notifications\\NotificationRequest','App\\User',1,'{\"sender_name\":\"Sundowner\",\"invite_id\":150,\"desc\":\"wants to be friends!\"}','2020-10-17 09:53:00','2020-10-15 05:26:20','2020-10-17 09:53:00'),('08cac696-bbf5-412b-a44d-e08f7dd1731b','App\\Notifications\\NotificationRequest','App\\User',1,'{\"invite_id\":23,\"desc\":\" wants to be friends!\"}',NULL,'2020-10-02 05:48:17','2020-10-02 05:48:17'),('0a72b96a-2664-4268-8b49-ab82c45158ee','App\\Notifications\\NotificationRequest','App\\User',2,'{\"sender_name\":\"Shawn D\'silva\",\"invite_id\":204,\"request_type\":\"FRND\",\"recv_channel\":null,\"desc\":\"wants to be friends!\",\"id\":\"0a72b96a-2664-4268-8b49-ab82c45158ee\"}',NULL,'2020-10-31 09:56:06','2020-10-31 09:56:06'),('0abf1f97-c999-4d5e-b01b-1bde2253d622','App\\Notifications\\NotificationRequest','App\\User',3,'{\"sender_name\":\"Shawn D\'silva\",\"invite_id\":1,\"desc\":\"wants to be friends!\"}',NULL,'2020-10-11 08:45:42','2020-10-11 08:45:42'),('0aece428-102f-4f81-a4b5-703c7c28896e','App\\Notifications\\NotificationRequest','App\\User',1,'{\"invite_id\":7,\"desc\":\" wants to be friends!\"}',NULL,'2020-10-02 05:16:37','2020-10-02 05:16:37'),('0b9deff7-09e9-426e-8911-dee34f782a29','App\\Notifications\\NotificationRequest','App\\User',4,'{\"sender_name\":\"Steven Armstrong\",\"invite_id\":232,\"request_type\":\"FRND\",\"recv_channel\":null,\"desc\":\"wants to be friends!\",\"id\":\"0b9deff7-09e9-426e-8911-dee34f782a29\"}',NULL,'2020-11-15 12:22:11','2020-11-15 12:22:11'),('0ba1a483-d676-49bf-a9db-e091ec61e175','App\\Notifications\\NotificationRequest','App\\User',2,'{\"sender_name\":\"Shawn D\'silva\",\"invite_id\":1,\"desc\":\"wants to be friends!\"}',NULL,'2020-10-10 10:36:49','2020-10-10 10:36:49'),('0c6d78ad-33b3-4d1f-bee4-5fc7eb250d4f','App\\Notifications\\NotificationRequest','App\\User',1,'{\"invite_id\":1,\"desc\":\"Shawn D\'silva wants to be friends!\"}',NULL,'2020-10-05 08:48:33','2020-10-05 08:48:33'),('0e8eb998-f250-4ef8-98eb-817817a389a0','App\\Notifications\\NotificationRequest','App\\User',3,'{\"sender_name\":\"Monsoon\",\"invite_id\":218,\"request_type\":\"INVT\",\"recv_channel\":\"Monsoon\'s MEME channel\",\"desc\":\"has invited you to join channel Monsoon\'s MEME channel!\",\"id\":\"0e8eb998-f250-4ef8-98eb-817817a389a0\"}','2020-11-12 12:39:38','2020-11-12 12:39:36','2020-11-12 12:39:38'),('0f2baa24-a87f-481d-b45f-824f27a1c46b','App\\Notifications\\NotificationRequest','App\\User',2,'{\"sender_name\":\"Shawn D\'silva\",\"invite_id\":203,\"request_type\":\"JOIN\",\"recv_channel\":\"Monsoon\'s MEME channel\",\"desc\":\"wants to join your channel Monsoon\'s MEME channel!\",\"id\":\"0f2baa24-a87f-481d-b45f-824f27a1c46b\"}',NULL,'2020-10-31 09:55:35','2020-10-31 09:55:35'),('10876db0-8b33-489d-9f68-c135687464d0','App\\Notifications\\NotificationRequest','App\\User',2,'{\"sender_name\":\"Shawn D\'silva\",\"invite_id\":1,\"desc\":\"wants to be friends!\"}',NULL,'2020-10-10 10:46:29','2020-10-10 10:46:29'),('10fd4be1-dfa4-418b-995d-bc0ed16a9c2e','App\\Notifications\\NotificationRequest','App\\User',2,'{\"sender_name\":\"Steven Armstrong\",\"invite_id\":210,\"request_type\":\"JOIN\",\"recv_channel\":\"Monsoon\'s MEME channel\",\"desc\":\"wants to join your channel Monsoon\'s MEME channel!\",\"id\":\"10fd4be1-dfa4-418b-995d-bc0ed16a9c2e\"}','2020-11-08 04:42:40','2020-11-08 04:42:06','2020-11-08 04:42:40'),('12094040-6404-4963-b560-50dcd31353a4','App\\Notifications\\NotificationRequest','App\\User',4,'{\"sender_name\":\"Steven Armstrong\",\"invite_id\":249,\"request_type\":\"FRND\",\"recv_channel\":null,\"desc\":\"wants to be friends!\",\"id\":\"12094040-6404-4963-b560-50dcd31353a4\"}',NULL,'2020-11-16 06:33:28','2020-11-16 06:33:28'),('12f5a470-6881-422f-a1ba-8f30750e84ff','App\\Notifications\\NotificationRequest','App\\User',3,'{\"sender_name\":\"Shawn D\'silva\",\"invite_id\":1,\"desc\":\"wants to be friends!\"}',NULL,'2020-10-10 11:10:39','2020-10-10 11:10:39'),('134865c8-3930-4d90-8404-e3fd1e516fbe','App\\Notifications\\NotificationRequest','App\\User',1,'{\"invite_id\":20,\"desc\":\" wants to be friends!\"}',NULL,'2020-10-02 05:47:36','2020-10-02 05:47:36'),('13aba559-f080-4555-9512-d3f23b33f411','App\\Notifications\\NotificationRequest','App\\User',2,'{\"sender_name\":\"Shawn D\'silva\",\"invite_id\":202,\"type\":\"JOIN\",\"recv_channel\":\"Monsoon\'s MEME channel\",\"desc\":\"wants to join your channel Monsoon\'s MEME channel!\",\"id\":\"13aba559-f080-4555-9512-d3f23b33f411\"}',NULL,'2020-10-31 09:54:32','2020-10-31 09:54:32'),('187cef46-8594-4da7-ad16-2c5fe3c78498','App\\Notifications\\NotificationRequest','App\\User',2,'{\"sender_name\":\"Shawn D\'silva\",\"invite_id\":178,\"desc\":\"wants to join your channel !\",\"id\":\"187cef46-8594-4da7-ad16-2c5fe3c78498\"}','2020-10-29 06:20:49','2020-10-29 06:20:45','2020-10-29 06:20:49'),('18e562ed-e5b6-484c-943e-9882489dac03','App\\Notifications\\NotificationRequest','App\\User',2,'{\"sender_name\":\"Shawn D\'silva\",\"invite_id\":1,\"desc\":\"wants to be friends!\"}',NULL,'2020-10-08 04:55:48','2020-10-08 04:55:48'),('19a35e8d-7fbf-49ea-8746-baabb510ff4f','App\\Notifications\\NotificationRequest','App\\User',1,'{\"sender_name\":\"Steven Armstrong\",\"invite_id\":169,\"desc\":\"wants to be friends!\",\"id\":\"19a35e8d-7fbf-49ea-8746-baabb510ff4f\"}','2020-10-19 07:20:42','2020-10-19 07:20:40','2020-10-19 07:20:42'),('1a9dcc71-0051-4c7e-95bd-ff3a80acce72','App\\Notifications\\NotificationRequest','App\\User',1,'{\"invite_id\":28,\"desc\":\" wants to be friends!\"}',NULL,'2020-10-02 05:53:24','2020-10-02 05:53:24'),('1ae2be91-1070-48ad-a0ac-e0983aaa64d8','App\\Notifications\\NotificationRequest','App\\User',2,'{\"sender_name\":\"Shawn D\'silva\",\"invite_id\":177,\"desc\":\"wants to join your channel !\",\"id\":\"1ae2be91-1070-48ad-a0ac-e0983aaa64d8\"}','2020-10-29 06:15:40','2020-10-29 06:15:35','2020-10-29 06:15:40'),('209530bd-1f2d-4671-8eb3-b6c0a8d61fcf','App\\Notifications\\NotificationRequest','App\\User',2,'{\"sender_name\":\"Shawn D\'silva\",\"invite_id\":1,\"desc\":\"wants to be friends!\"}',NULL,'2020-10-08 05:00:43','2020-10-08 05:00:43'),('25fac19c-a191-43d9-8bbc-026ae9f4ac71','App\\Notifications\\NotificationRequest','App\\User',2,'{\"sender_name\":\"Shawn D\'silva\",\"invite_id\":196,\"type\":\"JOIN\",\"recv_channel\":null,\"desc\":\"wants to join your channel !\",\"id\":\"25fac19c-a191-43d9-8bbc-026ae9f4ac71\"}','2020-10-31 09:39:49','2020-10-31 09:17:17','2020-10-31 09:39:49'),('27a71654-a220-46bf-8499-f8c4d215ee56','App\\Notifications\\NotificationRequest','App\\User',2,'{\"sender_name\":\"Shawn D\'silva\",\"invite_id\":1,\"desc\":\"wants to be friends!\"}',NULL,'2020-10-07 10:58:16','2020-10-07 10:58:16'),('282e8386-2c30-499f-8823-df835d27379e','App\\Notifications\\NotificationRequest','App\\User',2,'{\"sender_name\":\"Shawn D\'silva\",\"invite_id\":1,\"desc\":\"wants to be friends!\"}',NULL,'2020-10-08 04:41:42','2020-10-08 04:41:42'),('2962f8d8-ac83-45c0-94e1-aa19a2b85973','App\\Notifications\\NotificationRequest','App\\User',2,'{\"sender_name\":\"Shawn D\'silva\",\"invite_id\":184,\"desc\":\"wants to join your channel !\",\"id\":\"2962f8d8-ac83-45c0-94e1-aa19a2b85973\"}','2020-10-29 06:48:44','2020-10-29 06:48:41','2020-10-29 06:48:44'),('2979934f-6785-4795-a590-d675c00e0e74','App\\Notifications\\NotificationRequest','App\\User',2,'{\"sender_name\":\"Samuel Rodriguez\",\"invite_id\":227,\"request_type\":\"FRND\",\"recv_channel\":null,\"desc\":\"wants to be friends!\",\"id\":\"2979934f-6785-4795-a590-d675c00e0e74\"}',NULL,'2020-11-15 11:29:03','2020-11-15 11:29:03'),('2a3a65d3-0eeb-486a-ab04-13ecb8f53bd7','App\\Notifications\\NotificationRequest','App\\User',1,'{\"invite_id\":1,\"desc\":\"Shawn D\'silva wants to be friends!\"}',NULL,'2020-10-06 09:57:30','2020-10-06 09:57:30'),('2c214002-e5a0-4360-a48e-4c4b592bdafa','App\\Notifications\\NotificationRequest','App\\User',1,'{\"invite_id\":9,\"desc\":\" wants to be friends!\"}',NULL,'2020-10-02 05:16:39','2020-10-02 05:16:39'),('2df8b5c9-33a1-4c54-8473-9f839d3bb334','App\\Notifications\\NotificationRequest','App\\User',2,'{\"sender_name\":\"Shawn D\'silva\",\"invite_id\":1,\"desc\":\"wants to be friends!\"}',NULL,'2020-10-10 10:48:30','2020-10-10 10:48:30'),('2e9847cf-35da-46cb-8934-a9f6aed2d479','App\\Notifications\\NotificationRequest','App\\User',4,'{\"sender_name\":\"Monsoon\",\"invite_id\":225,\"request_type\":\"INVT\",\"recv_channel\":\"Monsoon\'s MEME channel\",\"desc\":\"has invited you to join channel Monsoon\'s MEME channel!\",\"id\":\"2e9847cf-35da-46cb-8934-a9f6aed2d479\"}',NULL,'2020-11-15 11:28:24','2020-11-15 11:28:24'),('2eabfd92-8593-42ac-add0-09bdbd389460','App\\Notifications\\NotificationRequest','App\\User',2,'{\"sender_name\":\"Shawn D\'silva\",\"invite_id\":1,\"desc\":\"wants to be friends!\"}',NULL,'2020-10-08 04:49:12','2020-10-08 04:49:12'),('2ef40d7a-d14f-4794-a778-866d27fb129c','App\\Notifications\\NotificationRequest','App\\User',1,'{\"invite_id\":1,\"desc\":\"Shawn D\'silva wants to be friends!\"}',NULL,'2020-10-06 09:58:23','2020-10-06 09:58:23'),('2f9cc6d1-7c51-4383-98d5-6b3e1f7da868','App\\Notifications\\NotificationRequest','App\\User',1,'{\"sender_name\":\"Steven Armstrong\",\"invite_id\":234,\"request_type\":\"FRND\",\"recv_channel\":null,\"desc\":\"wants to be friends!\",\"id\":\"2f9cc6d1-7c51-4383-98d5-6b3e1f7da868\"}',NULL,'2020-11-15 12:25:54','2020-11-15 12:25:54'),('305f2049-b292-46c8-ad0b-bbf8f43e84e2','App\\Notifications\\NotificationRequest','App\\User',2,'{\"sender_name\":\"Shawn D\'silva\",\"invite_id\":186,\"desc\":\"wants to join your channel !\",\"id\":\"305f2049-b292-46c8-ad0b-bbf8f43e84e2\"}','2020-10-29 06:55:23','2020-10-29 06:55:18','2020-10-29 06:55:23'),('30654019-d359-496e-8c01-c0adadb47931','App\\Notifications\\NotificationRequest','App\\User',2,'{\"sender_name\":\"Shawn D\'silva\",\"invite_id\":1,\"desc\":\"wants to be friends!\"}',NULL,'2020-10-10 10:36:56','2020-10-10 10:36:56'),('33b618a1-e1d8-4174-920e-b831114aafed','App\\Notifications\\NotificationRequest','App\\User',1,'{\"sender_name\":\"Shawn D\'silva\",\"invite_id\":1,\"desc\":\"wants to be friends!\"}',NULL,'2020-10-11 09:05:44','2020-10-11 09:05:44'),('34d02c67-2bf6-49cb-8ae1-c516d2dcf7f7','App\\Notifications\\NotificationRequest','App\\User',3,'{\"sender_name\":\"Samuel Rodriguez\",\"invite_id\":231,\"request_type\":\"FRND\",\"recv_channel\":null,\"desc\":\"wants to be friends!\",\"id\":\"34d02c67-2bf6-49cb-8ae1-c516d2dcf7f7\"}',NULL,'2020-11-15 12:21:52','2020-11-15 12:21:52'),('3761f30c-aee3-4589-aab5-c6075eb0cd88','App\\Notifications\\NotificationRequest','App\\User',1,'{\"invite_id\":33,\"desc\":\" wants to be friends!\"}',NULL,'2020-10-02 05:57:07','2020-10-02 05:57:07'),('37a183df-8083-4c04-af84-bb8cbb7379a9','App\\Notifications\\NotificationRequest','App\\User',4,'{\"sender_name\":\"Monsoon\",\"invite_id\":214,\"request_type\":\"INVT\",\"recv_channel\":\"Monsoon\'s MEME channel\",\"desc\":\"has invited you to join channel Monsoon\'s MEME channel!\",\"id\":\"37a183df-8083-4c04-af84-bb8cbb7379a9\"}','2020-11-12 12:17:50','2020-11-12 12:17:46','2020-11-12 12:17:50'),('399962d3-2e84-4e2e-a611-73b10a321a7e','App\\Notifications\\NotificationRequest','App\\User',1,'{\"sender_name\":\"Steven Armstrong\",\"invite_id\":251,\"request_type\":\"FRND\",\"recv_channel\":null,\"desc\":\"wants to be friends!\",\"id\":\"399962d3-2e84-4e2e-a611-73b10a321a7e\"}',NULL,'2020-11-17 06:39:41','2020-11-17 06:39:41'),('3aab72bb-c9dc-435d-ab9a-9cf15e944cad','App\\Notifications\\NotificationRequest','App\\User',1,'{\"invite_id\":25,\"desc\":\" wants to be friends!\"}',NULL,'2020-10-02 05:53:23','2020-10-02 05:53:23'),('3ab10e51-3353-48cb-bb62-5b1b02bf00a7','App\\Notifications\\NotificationRequest','App\\User',2,'{\"sender_name\":\"Shawn D\'silva\",\"invite_id\":1,\"desc\":\"wants to be friends!\"}',NULL,'2020-10-08 04:43:11','2020-10-08 04:43:11'),('3f072153-6558-4243-9380-a5848b063930','App\\Notifications\\NotificationRequest','App\\User',2,'{\"sender_name\":\"Shawn D\'silva\",\"invite_id\":176,\"desc\":\"wants to join your channel !\",\"id\":\"3f072153-6558-4243-9380-a5848b063930\"}','2020-10-29 06:12:42','2020-10-29 06:12:33','2020-10-29 06:12:42'),('3f2b4c85-d8ab-4cd5-9e41-7b10079e8701','App\\Notifications\\NotificationRequest','App\\User',1,'{\"sender_name\":\"Shawn D\'silva\",\"invite_id\":1,\"desc\":\"wants to be friends!\"}',NULL,'2020-10-06 10:08:50','2020-10-06 10:08:50'),('40de85c8-6ca6-4696-96c3-f5660afda2ec','App\\Notifications\\NotificationRequest','App\\User',2,'{\"sender_name\":\"Shawn D\'silva\",\"invite_id\":1,\"desc\":\"wants to be friends!\"}',NULL,'2020-10-10 10:38:43','2020-10-10 10:38:43'),('42154621-f874-4936-93eb-07084e67329e','App\\Notifications\\NotificationRequest','App\\User',1,'{\"sender_name\":\"Monsoon\",\"invite_id\":163,\"desc\":\"wants to be friends!\",\"id\":\"42154621-f874-4936-93eb-07084e67329e\"}','2020-10-18 06:09:26','2020-10-18 06:09:10','2020-10-18 06:09:26'),('423df98a-0ce4-424f-a6ca-db3922ace806','App\\Notifications\\NotificationRequest','App\\User',1,'{\"sender_name\":\"Steven Armstrong\",\"invite_id\":128,\"desc\":\"wants to be friends!\"}',NULL,'2020-10-11 09:12:39','2020-10-11 09:12:39'),('43d7f2b5-fcb8-4843-ab19-08659b15d470','App\\Notifications\\NotificationRequest','App\\User',2,'{\"sender_name\":\"Steven Armstrong\",\"invite_id\":242,\"request_type\":\"FRND\",\"recv_channel\":null,\"desc\":\"wants to be friends!\",\"id\":\"43d7f2b5-fcb8-4843-ab19-08659b15d470\"}',NULL,'2020-11-15 13:40:26','2020-11-15 13:40:26'),('44e292ef-5018-4f67-83dc-4451bff3aa62','App\\Notifications\\NotificationRequest','App\\User',3,'{\"sender_name\":\"Monsoon\",\"invite_id\":245,\"request_type\":\"FRND\",\"recv_channel\":null,\"desc\":\"wants to be friends!\",\"id\":\"44e292ef-5018-4f67-83dc-4451bff3aa62\"}',NULL,'2020-11-16 06:26:40','2020-11-16 06:26:40'),('479f02f3-0ef2-4bbf-b43f-ad08ad776689','App\\Notifications\\NotificationRequest','App\\User',1,'{\"sender_name\":\"Monsoon\",\"invite_id\":152,\"desc\":\"wants to be friends!\"}','2020-10-17 09:57:19','2020-10-16 09:07:52','2020-10-17 09:57:19'),('47d5efd8-fd28-494d-af87-0621d9455fde','App\\Notifications\\NotificationRequest','App\\User',2,'{\"sender_name\":\"Shawn D\'silva\",\"invite_id\":1,\"desc\":\"wants to be friends!\"}',NULL,'2020-10-11 08:59:16','2020-10-11 08:59:16'),('4a61eb17-2765-4711-b102-39895220c82a','App\\Notifications\\NotificationRequest','App\\User',2,'{\"sender_name\":\"Samuel Rodriguez\",\"invite_id\":139,\"desc\":\"wants to be friends!\"}',NULL,'2020-10-12 12:23:49','2020-10-12 12:23:49'),('4a961761-0368-4f9c-a1bb-bdefbdd59877','App\\Notifications\\NotificationRequest','App\\User',1,'{\"sender_name\":\"Monsoon\",\"invite_id\":219,\"request_type\":\"FRND\",\"recv_channel\":null,\"desc\":\"wants to be friends!\",\"id\":\"4a961761-0368-4f9c-a1bb-bdefbdd59877\"}',NULL,'2020-11-14 12:38:09','2020-11-14 12:38:09'),('4ae8b2c0-e890-4b16-8be1-bf36d9923d08','App\\Notifications\\NotificationRequest','App\\User',1,'{\"sender_name\":\"Samuel Rodriguez\",\"invite_id\":133,\"desc\":\"wants to be friends!\"}',NULL,'2020-10-12 12:16:18','2020-10-12 12:16:18'),('4af5dc88-fbe9-4614-9ff1-441b17776c9c','App\\Notifications\\NotificationRequest','App\\User',4,'{\"sender_name\":\"Monsoon\",\"invite_id\":138,\"desc\":\"wants to be friends!\"}','2020-10-31 09:01:21','2020-10-12 12:23:39','2020-10-31 09:01:21'),('4cc2a750-176c-4a84-b768-134305fbfda7','App\\Notifications\\NotificationRequest','App\\User',2,'{\"sender_name\":\"Shawn D\'silva\",\"invite_id\":1,\"desc\":\"wants to be friends!\"}',NULL,'2020-10-09 10:53:29','2020-10-09 10:53:29'),('4e348fb7-c99b-4955-87b9-2cce2c16a84f','App\\Notifications\\NotificationRequest','App\\User',4,'{\"sender_name\":\"Monsoon\",\"invite_id\":224,\"request_type\":\"FRND\",\"recv_channel\":null,\"desc\":\"wants to be friends!\",\"id\":\"4e348fb7-c99b-4955-87b9-2cce2c16a84f\"}',NULL,'2020-11-15 11:27:47','2020-11-15 11:27:47'),('51a87f45-ba6a-4663-9646-93731ef9d47c','App\\Notifications\\NotificationRequest','App\\User',2,'{\"sender_name\":\"Shawn D\'silva\",\"invite_id\":198,\"type\":\"JOIN\",\"recv_channel\":\"Monsoon\'s MEME channel\",\"desc\":\"wants to join your channel Monsoon\'s MEME channel!\",\"id\":\"51a87f45-ba6a-4663-9646-93731ef9d47c\"}','2020-10-31 09:31:38','2020-10-31 09:31:29','2020-10-31 09:31:38'),('584eab3a-2a1b-4f2c-a214-b062f8e9e05b','App\\Notifications\\NotificationRequest','App\\User',2,'{\"sender_name\":\"Shawn D\'silva\",\"invite_id\":1,\"desc\":\"wants to be friends!\"}',NULL,'2020-10-10 10:50:01','2020-10-10 10:50:01'),('58c69d2e-dd4e-442d-990a-b87c3c159ada','App\\Notifications\\NotificationRequest','App\\User',1,'{\"sender_name\":\"Samuel Rodriguez\",\"invite_id\":159,\"desc\":\"wants to be friends!\",\"id\":\"58c69d2e-dd4e-442d-990a-b87c3c159ada\"}','2020-10-18 05:58:22','2020-10-17 10:21:46','2020-10-18 05:58:22'),('591934ea-9f5e-4ad8-9b58-4be726e24c0b','App\\Notifications\\NotificationRequest','App\\User',1,'{\"invite_id\":26,\"desc\":\" wants to be friends!\"}',NULL,'2020-10-02 05:53:23','2020-10-02 05:53:23'),('594be8a2-2e10-4371-b57a-2176cb2c1965','App\\Notifications\\NotificationRequest','App\\User',2,'{\"sender_name\":\"Shawn D\'silva\",\"invite_id\":1,\"desc\":\"wants to be friends!\"}',NULL,'2020-10-10 11:37:27','2020-10-10 11:37:27'),('5a5cbba3-4b08-4de9-b7c6-011580ecac5f','App\\Notifications\\NotificationRequest','App\\User',1,'{\"sender_name\":\"Monsoon\",\"invite_id\":161,\"desc\":\"wants to be friends!\",\"id\":\"5a5cbba3-4b08-4de9-b7c6-011580ecac5f\"}','2020-10-18 06:19:07','2020-10-18 06:09:09','2020-10-18 06:19:07'),('5ab3e8d1-d2f7-4a18-907f-3d822a2b2162','App\\Notifications\\NotificationRequest','App\\User',3,'{\"sender_name\":\"Shawn D\'silva\",\"invite_id\":1,\"desc\":\"wants to be friends!\"}',NULL,'2020-10-10 11:12:59','2020-10-10 11:12:59'),('5ae5f771-50b6-4071-b3b6-3c6b78054ef6','App\\Notifications\\NotificationRequest','App\\User',3,'{\"sender_name\":\"Samuel Rodriguez\",\"invite_id\":250,\"request_type\":\"FRND\",\"recv_channel\":null,\"desc\":\"wants to be friends!\",\"id\":\"5ae5f771-50b6-4071-b3b6-3c6b78054ef6\"}',NULL,'2020-11-16 06:33:47','2020-11-16 06:33:47'),('5b7a3f10-f340-4864-a695-23db25dfe320','App\\Notifications\\NotificationRequest','App\\User',1,'{\"sender_name\":\"Samuel Rodriguez\",\"invite_id\":228,\"request_type\":\"FRND\",\"recv_channel\":null,\"desc\":\"wants to be friends!\",\"id\":\"5b7a3f10-f340-4864-a695-23db25dfe320\"}',NULL,'2020-11-15 11:29:30','2020-11-15 11:29:30'),('5b80aff2-79cd-4489-8191-e8f76f6b3225','App\\Notifications\\NotificationRequest','App\\User',2,'{\"sender_name\":\"Shawn D\'silva\",\"invite_id\":221,\"request_type\":\"FRND\",\"recv_channel\":null,\"desc\":\"wants to be friends!\",\"id\":\"5b80aff2-79cd-4489-8191-e8f76f6b3225\"}',NULL,'2020-11-14 12:41:17','2020-11-14 12:41:17'),('5ba3909d-9b6b-4da3-acea-d5bbcc2b88aa','App\\Notifications\\NotificationRequest','App\\User',2,'{\"sender_name\":\"Shawn D\'silva\",\"invite_id\":180,\"desc\":\"wants to join your channel !\",\"id\":\"5ba3909d-9b6b-4da3-acea-d5bbcc2b88aa\"}','2020-10-29 06:38:32','2020-10-29 06:38:28','2020-10-29 06:38:32'),('5c4667c3-aafb-4fab-9d21-ec271e2e7822','App\\Notifications\\NotificationRequest','App\\User',1,'{\"sender_name\":\"Steven Armstrong\",\"invite_id\":131,\"desc\":\"wants to be friends!\"}','2020-10-17 09:57:57','2020-10-11 09:17:34','2020-10-17 09:57:57'),('5c91bacd-aae3-4932-bd4e-c8ace1bb7874','App\\Notifications\\NotificationRequest','App\\User',2,'{\"sender_name\":\"Shawn D\'silva\",\"invite_id\":1,\"desc\":\"wants to be friends!\"}',NULL,'2020-10-07 11:06:41','2020-10-07 11:06:41'),('5cedb09c-080e-436a-9c79-74a604b866b5','App\\Notifications\\NotificationRequest','App\\User',1,'{\"invite_id\":18,\"desc\":\" wants to be friends!\"}',NULL,'2020-10-02 05:44:22','2020-10-02 05:44:22'),('5d2bc78e-2144-410d-ad2f-33447331b350','App\\Notifications\\NotificationRequest','App\\User',1,'{\"sender_name\":\"Sundowner\",\"invite_id\":151,\"desc\":\"wants to be friends!\"}','2020-10-17 09:47:30','2020-10-15 05:31:17','2020-10-17 09:47:30'),('5d34f549-4edd-46ea-afa5-f3eac0896942','App\\Notifications\\NotificationRequest','App\\User',2,'{\"sender_name\":\"Samuel Rodriguez\",\"invite_id\":187,\"desc\":\"wants to join your channel !\",\"id\":\"5d34f549-4edd-46ea-afa5-f3eac0896942\"}',NULL,'2020-10-30 12:04:03','2020-10-30 12:04:03'),('5f5548a3-ef68-4db6-8e51-2b3841e95f03','App\\Notifications\\NotificationRequest','App\\User',1,'{\"sender_name\":\"Shawn D\'silva\",\"invite_id\":1,\"desc\":\"wants to be friends!\"}',NULL,'2020-10-06 10:11:10','2020-10-06 10:11:10'),('60f468c7-881b-442b-b56a-6d748e5b3e4a','App\\Notifications\\NotificationRequest','App\\User',2,'{\"sender_name\":\"Shawn D\'silva\",\"invite_id\":1,\"desc\":\"wants to be friends!\"}',NULL,'2020-10-11 09:03:35','2020-10-11 09:03:35'),('611184b4-5082-495c-8f17-677d9640f49e','App\\Notifications\\NotificationRequest','App\\User',1,'{\"invite_id\":19,\"desc\":\" wants to be friends!\"}',NULL,'2020-10-02 05:44:55','2020-10-02 05:44:55'),('626421c1-0c2d-429f-901e-e1d31cec5c28','App\\Notifications\\NotificationRequest','App\\User',2,'{\"sender_name\":\"Shawn D\'silva\",\"invite_id\":1,\"desc\":\"wants to be friends!\"}',NULL,'2020-10-09 10:44:30','2020-10-09 10:44:30'),('62865dc5-aff9-4d8f-aa63-19440528db29','App\\Notifications\\NotificationRequest','App\\User',2,'{\"sender_name\":\"Shawn D\'silva\",\"invite_id\":197,\"type\":\"JOIN\",\"recv_channel\":\"Monsoon\'s MEME channel\",\"desc\":\"wants to join your channel !\",\"id\":\"62865dc5-aff9-4d8f-aa63-19440528db29\"}','2020-10-31 09:18:24','2020-10-31 09:18:21','2020-10-31 09:18:24'),('638a7b4b-f678-4181-9272-5403d0ef17b0','App\\Notifications\\NotificationRequest','App\\User',1,'{\"invite_id\":5,\"desc\":\" wants to be friends!\"}',NULL,'2020-10-02 05:06:17','2020-10-02 05:06:17'),('63a8675b-aecd-4702-83e1-52a45c884339','App\\Notifications\\NotificationRequest','App\\User',2,'{\"sender_name\":\"Shawn D\'silva\",\"invite_id\":1,\"desc\":\"wants to be friends!\"}',NULL,'2020-10-10 10:50:35','2020-10-10 10:50:35'),('675b0eee-44a1-4f19-9b1a-d48f9153491f','App\\Notifications\\NotificationRequest','App\\User',2,'{\"sender_name\":\"Shawn D\'silva\",\"invite_id\":1,\"desc\":\"wants to be friends!\"}',NULL,'2020-10-09 10:43:41','2020-10-09 10:43:41'),('6b8cc861-94e7-47c6-9934-688905c1db58','App\\Notifications\\NotificationRequest','App\\User',2,'{\"sender_name\":\"Shawn D\'silva\",\"invite_id\":1,\"desc\":\"wants to be friends!\"}',NULL,'2020-10-09 10:53:35','2020-10-09 10:53:35'),('6bfb36ef-e086-489a-851d-69cd52dc266a','App\\Notifications\\NotificationRequest','App\\User',3,'{\"sender_name\":\"Shawn D\'silva\",\"invite_id\":1,\"desc\":\"wants to be friends!\"}',NULL,'2020-10-11 08:55:52','2020-10-11 08:55:52'),('6e2f36f7-8300-46b1-99c0-cdb439932538','App\\Notifications\\NotificationRequest','App\\User',3,'{\"sender_name\":\"Samuel Rodriguez\",\"invite_id\":143,\"desc\":\"wants to be friends!\"}',NULL,'2020-10-12 12:28:13','2020-10-12 12:28:13'),('6fa23c6f-98df-4999-aaec-f3db24a1beba','App\\Notifications\\NotificationRequest','App\\User',3,'{\"sender_name\":\"Shawn D\'silva\",\"invite_id\":1,\"desc\":\"wants to be friends!\"}',NULL,'2020-10-11 08:41:01','2020-10-11 08:41:01'),('6fffd598-e6d3-42b3-8ae6-0569d00862b0','App\\Notifications\\NotificationRequest','App\\User',2,'{\"sender_name\":\"Shawn D\'silva\",\"invite_id\":1,\"desc\":\"wants to be friends!\"}',NULL,'2020-10-08 05:00:43','2020-10-08 05:00:43'),('74ade97c-07e7-42d4-b1fe-f559b41c85c2','App\\Notifications\\NotificationRequest','App\\User',2,'{\"sender_name\":\"Shawn D\'silva\",\"invite_id\":1,\"desc\":\"wants to be friends!\"}',NULL,'2020-10-09 10:51:16','2020-10-09 10:51:16'),('755d176f-ff34-4868-962e-532e4437b53c','App\\Notifications\\NotificationRequest','App\\User',1,'{\"invite_id\":34,\"desc\":\"1 wants to be friends!\"}',NULL,'2020-10-02 05:58:22','2020-10-02 05:58:22'),('7583e4b2-107a-4c89-be2f-aed0fd59f1cf','App\\Notifications\\NotificationRequest','App\\User',1,'{\"sender_name\":\"Samuel Rodriguez\",\"invite_id\":158,\"desc\":\"wants to be friends!\",\"id\":\"7583e4b2-107a-4c89-be2f-aed0fd59f1cf\"}','2020-10-18 05:57:30','2020-10-17 10:21:18','2020-10-18 05:57:30'),('775fa092-46d8-4b04-b69d-8c29b4251fef','App\\Notifications\\NotificationRequest','App\\User',4,'{\"sender_name\":\"Monsoon\",\"invite_id\":223,\"request_type\":\"FRND\",\"recv_channel\":null,\"desc\":\"wants to be friends!\",\"id\":\"775fa092-46d8-4b04-b69d-8c29b4251fef\"}',NULL,'2020-11-15 11:27:26','2020-11-15 11:27:26'),('77cf1435-798e-4214-b01d-a3b431ba947e','App\\Notifications\\NotificationRequest','App\\User',2,'{\"sender_name\":\"Shawn D\'silva\",\"invite_id\":1,\"desc\":\"wants to be friends!\"}',NULL,'2020-10-11 09:05:23','2020-10-11 09:05:23'),('784b191d-929f-43c3-b65c-958f516aafbe','App\\Notifications\\NotificationRequest','App\\User',1,'{\"invite_id\":6,\"desc\":\" wants to be friends!\"}',NULL,'2020-10-02 05:16:03','2020-10-02 05:16:03'),('78585288-25df-4fc4-9907-7efea8046291','App\\Notifications\\NotificationRequest','App\\User',4,'{\"sender_name\":\"Steven Armstrong\",\"invite_id\":230,\"request_type\":\"FRND\",\"recv_channel\":null,\"desc\":\"wants to be friends!\",\"id\":\"78585288-25df-4fc4-9907-7efea8046291\"}',NULL,'2020-11-15 12:21:37','2020-11-15 12:21:37'),('79ac7ac9-e696-48f9-8561-372ddf1743f9','App\\Notifications\\NotificationRequest','App\\User',1,'{\"invite_id\":22,\"desc\":\" wants to be friends!\"}',NULL,'2020-10-02 05:48:17','2020-10-02 05:48:17'),('79b589bd-fc41-413d-804f-a6213c0ace60','App\\Notifications\\NotificationRequest','App\\User',2,'{\"sender_name\":\"Samuel Rodriguez\",\"invite_id\":142,\"desc\":\"wants to be friends!\"}',NULL,'2020-10-12 12:25:49','2020-10-12 12:25:49'),('7c6372a2-c7d4-4309-896d-5d42b2f8c64a','App\\Notifications\\NotificationRequest','App\\User',4,'{\"sender_name\":\"Steven Armstrong\",\"invite_id\":247,\"request_type\":\"FRND\",\"recv_channel\":null,\"desc\":\"wants to be friends!\",\"id\":\"7c6372a2-c7d4-4309-896d-5d42b2f8c64a\"}',NULL,'2020-11-16 06:32:01','2020-11-16 06:32:01'),('7cb5903a-e3a6-478d-8f76-d9c58d6cf1e3','App\\Notifications\\NotificationRequest','App\\User',2,'{\"sender_name\":\"Shawn D\'silva\",\"invite_id\":1,\"desc\":\"wants to be friends!\"}',NULL,'2020-10-10 10:42:43','2020-10-10 10:42:43'),('7cdcc0b0-1fe5-4629-b7d6-09e963a674fc','App\\Notifications\\NotificationRequest','App\\User',1,'{\"invoice_id\":1,\"amount\":20}',NULL,'2020-09-15 02:56:12','2020-09-15 02:56:12'),('7dd55d33-0be9-4420-87b5-cfb22257f2f0','App\\Notifications\\NotificationRequest','App\\User',1,'{\"sender_name\":\"Shawn D\'silva\",\"invite_id\":1,\"desc\":\"wants to be friends!\"}',NULL,'2020-10-11 08:46:25','2020-10-11 08:46:25'),('7f9709ad-d56c-46f8-ba9e-e7411098e119','App\\Notifications\\NotificationRequest','App\\User',2,'{\"sender_name\":\"Shawn D\'silva\",\"invite_id\":1,\"desc\":\"wants to be friends!\"}',NULL,'2020-10-11 09:01:12','2020-10-11 09:01:12'),('7fba0787-a983-4ed5-9bb2-d86baebc5e85','App\\Notifications\\NotificationRequest','App\\User',2,'{\"sender_name\":\"Steven Armstrong\",\"invite_id\":246,\"request_type\":\"FRND\",\"recv_channel\":null,\"desc\":\"wants to be friends!\",\"id\":\"7fba0787-a983-4ed5-9bb2-d86baebc5e85\"}',NULL,'2020-11-16 06:29:14','2020-11-16 06:29:14'),('7fd20660-8d1b-4900-8b07-5a2c8f6617e3','App\\Notifications\\NotificationRequest','App\\User',1,'{\"invite_id\":16,\"desc\":\" wants to be friends!\"}',NULL,'2020-10-02 05:42:22','2020-10-02 05:42:22'),('8176cb6e-5e34-4a45-b6f2-e40ece5ad9c5','App\\Notifications\\NotificationRequest','App\\User',4,'{\"sender_name\":\"Monsoon\",\"invite_id\":241,\"request_type\":\"INVT\",\"recv_channel\":\"Monsoon\'s MEME channel\",\"desc\":\"has invited you to join channel Monsoon\'s MEME channel!\",\"id\":\"8176cb6e-5e34-4a45-b6f2-e40ece5ad9c5\"}',NULL,'2020-11-15 13:24:17','2020-11-15 13:24:17'),('819b46ce-5dc2-4bfc-beea-ef859eaeb8de','App\\Notifications\\NotificationRequest','App\\User',1,'{\"sender_name\":\"Steven Armstrong\",\"invite_id\":170,\"desc\":\"wants to be friends!\",\"id\":\"819b46ce-5dc2-4bfc-beea-ef859eaeb8de\"}','2020-10-19 07:22:42','2020-10-19 07:22:36','2020-10-19 07:22:42'),('81a83414-4077-479c-8058-346969222649','App\\Notifications\\NotificationRequest','App\\User',2,'{\"sender_name\":\"Samuel Rodriguez\",\"invite_id\":135,\"desc\":\"wants to be friends!\"}',NULL,'2020-10-12 12:21:03','2020-10-12 12:21:03'),('82d72788-ff2b-4983-b88f-5c7e563e1dcf','App\\Notifications\\NotificationRequest','App\\User',2,'{\"sender_name\":\"Steven Armstrong\",\"invite_id\":212,\"request_type\":\"FRND\",\"recv_channel\":null,\"desc\":\"wants to be friends!\",\"id\":\"82d72788-ff2b-4983-b88f-5c7e563e1dcf\"}','2020-11-08 04:44:04','2020-11-08 04:44:00','2020-11-08 04:44:04'),('8446730b-ac07-4595-8c2b-cbc482f2ba89','App\\Notifications\\NotificationRequest','App\\User',2,'{\"sender_name\":\"Sundowner\",\"invite_id\":175,\"desc\":\"wants to join your channel !\",\"id\":\"8446730b-ac07-4595-8c2b-cbc482f2ba89\"}','2020-10-29 06:04:24','2020-10-29 05:28:45','2020-10-29 06:04:24'),('87bc4a16-42b6-4858-9f5a-f79fbc948376','App\\Notifications\\NotificationRequest','App\\User',1,'{\"invite_id\":4,\"desc\":\" wants to be friends!\"}',NULL,'2020-10-02 04:58:52','2020-10-02 04:58:52'),('87f5e973-ebb1-46a0-a164-c53a6f364952','App\\Notifications\\NotificationRequest','App\\User',3,'{\"sender_name\":\"Monsoon\",\"invite_id\":132,\"desc\":\"wants to be friends!\"}',NULL,'2020-10-11 09:18:23','2020-10-11 09:18:23'),('88880587-ca88-46a7-b773-a7ab89ef944c','App\\Notifications\\NotificationRequest','App\\User',2,'{\"sender_name\":\"Shawn D\'silva\",\"invite_id\":1,\"desc\":\"wants to be friends!\"}',NULL,'2020-10-09 10:39:23','2020-10-09 10:39:23'),('8acf2dfa-e39c-48ff-8d49-27a6c6d2d529','App\\Notifications\\NotificationRequest','App\\User',2,'{\"sender_name\":\"Shawn D\'silva\",\"invite_id\":1,\"desc\":\"wants to be friends!\"}',NULL,'2020-10-09 10:39:15','2020-10-09 10:39:15'),('8c7e3994-ff54-4d61-9956-59846fab7c01','App\\Notifications\\NotificationRequest','App\\User',2,'{\"sender_name\":\"Samuel Rodriguez\",\"invite_id\":134,\"desc\":\"wants to be friends!\"}','2020-10-18 06:07:11','2020-10-12 12:20:54','2020-10-18 06:07:11'),('8ca6e785-2c73-4842-b1e6-b24daa4441d4','App\\Notifications\\NotificationRequest','App\\User',1,'{\"sender_name\":\"Sundowner\",\"invite_id\":147,\"desc\":\"wants to be friends!\"}','2020-10-17 09:49:26','2020-10-15 05:18:17','2020-10-17 09:49:26'),('8ebd47bd-f9a9-427b-aae0-08ed5969c2d7','App\\Notifications\\NotificationRequest','App\\User',1,'{\"sender_name\":\"Samuel Rodriguez\",\"invite_id\":157,\"desc\":\"wants to be friends!\",\"id\":\"8ebd47bd-f9a9-427b-aae0-08ed5969c2d7\"}','2020-10-18 05:58:18','2020-10-17 10:18:13','2020-10-18 05:58:18'),('8fa59ef2-1121-4d6d-8a80-9f630cdac664','App\\Notifications\\NotificationRequest','App\\User',1,'{\"sender_name\":\"Samuel Rodriguez\",\"invite_id\":153,\"desc\":\"wants to be friends!\"}','2020-10-17 09:58:15','2020-10-17 07:23:26','2020-10-17 09:58:15'),('9286c523-dd88-4a1c-ba3b-914fb10354d9','App\\Notifications\\NotificationRequest','App\\User',3,'{\"sender_name\":\"Shawn D\'silva\",\"invite_id\":1,\"desc\":\"wants to be friends!\"}',NULL,'2020-10-10 11:15:38','2020-10-10 11:15:38'),('92a16700-712c-4309-a967-fef5f3cb69de','App\\Notifications\\NotificationRequest','App\\User',1,'{\"invite_id\":21,\"desc\":\" wants to be friends!\"}',NULL,'2020-10-02 05:47:36','2020-10-02 05:47:36'),('946ad884-03dd-44d6-8929-6c69d20e5dd7','App\\Notifications\\NotificationRequest','App\\User',1,'{\"invite_id\":null,\"desc\":\"1 wants to be friends!\"}',NULL,'2020-10-05 08:47:24','2020-10-05 08:47:24'),('965b300c-f739-4b0c-ac11-c166b8df24de','App\\Notifications\\NotificationRequest','App\\User',3,'{\"sender_name\":\"Shawn D\'silva\",\"invite_id\":1,\"desc\":\"wants to be friends!\"}',NULL,'2020-10-11 08:53:38','2020-10-11 08:53:38'),('96d22266-f905-40ae-91f9-e9b2f090556e','App\\Notifications\\NotificationRequest','App\\User',3,'{\"sender_name\":\"Shawn D\'silva\",\"invite_id\":1,\"desc\":\"wants to be friends!\"}',NULL,'2020-10-10 11:13:28','2020-10-10 11:13:28'),('9a68d922-4aa0-40c4-abe9-7227736b58c9','App\\Notifications\\NotificationRequest','App\\User',3,'{\"sender_name\":\"Samuel Rodriguez\",\"invite_id\":145,\"desc\":\"wants to be friends!\"}',NULL,'2020-10-12 12:30:57','2020-10-12 12:30:57'),('9a69de88-11da-422c-ac4e-2336b32d63ac','App\\Notifications\\NotificationRequest','App\\User',2,'{\"sender_name\":\"Shawn D\'silva\",\"invite_id\":1,\"desc\":\"wants to be friends!\"}',NULL,'2020-10-10 10:45:08','2020-10-10 10:45:08'),('9ab3655a-bb69-4dd6-a8b8-3c842b2f3fcb','App\\Notifications\\NotificationRequest','App\\User',3,'{\"sender_name\":\"Shawn D\'silva\",\"invite_id\":1,\"desc\":\"wants to be friends!\"}',NULL,'2020-10-10 11:09:21','2020-10-10 11:09:21'),('9abb48e1-1ab7-4f03-b4ec-5ea05efec70b','App\\Notifications\\NotificationRequest','App\\User',2,'{\"sender_name\":\"Shawn D\'silva\",\"invite_id\":1,\"desc\":\"wants to be friends!\"}',NULL,'2020-10-07 05:52:47','2020-10-07 05:52:47'),('9b20ffae-9ba0-4904-9ba4-fca8ae985115','App\\Notifications\\NotificationRequest','App\\User',2,'{\"sender_name\":\"Shawn D\'silva\",\"invite_id\":1,\"desc\":\"wants to be friends!\"}',NULL,'2020-10-10 11:44:12','2020-10-10 11:44:12'),('9b5694e2-d14b-4a24-a94a-a8d960510f86','App\\Notifications\\NotificationRequest','App\\User',2,'{\"sender_name\":\"Shawn D\'silva\",\"invite_id\":1,\"desc\":\"wants to be friends!\"}',NULL,'2020-10-10 11:37:23','2020-10-10 11:37:23'),('9b95a132-69f0-4358-be6c-c65c16f5fb9e','App\\Notifications\\NotificationRequest','App\\User',4,'{\"sender_name\":\"Steven Armstrong\",\"invite_id\":233,\"request_type\":\"FRND\",\"recv_channel\":null,\"desc\":\"wants to be friends!\",\"id\":\"9b95a132-69f0-4358-be6c-c65c16f5fb9e\"}',NULL,'2020-11-15 12:22:14','2020-11-15 12:22:14'),('9c3c4939-3166-42dc-924b-87ff61b625d8','App\\Notifications\\NotificationRequest','App\\User',1,'{\"sender_name\":\"Monsoon\",\"invite_id\":162,\"desc\":\"wants to be friends!\",\"id\":\"9c3c4939-3166-42dc-924b-87ff61b625d8\"}','2020-10-18 06:12:17','2020-10-18 06:09:10','2020-10-18 06:12:17'),('9f8d9c6a-4641-42cc-a8d1-b431e167a918','App\\Notifications\\NotificationRequest','App\\User',1,'{\"sender_name\":\"Monsoon\",\"invite_id\":166,\"desc\":\"wants to be friends!\",\"id\":\"9f8d9c6a-4641-42cc-a8d1-b431e167a918\"}','2020-10-18 06:23:33','2020-10-18 06:21:07','2020-10-18 06:23:33'),('9fd551e9-fcd5-4bb8-9bb6-4b09b9968fdf','App\\Notifications\\NotificationRequest','App\\User',1,'{\"invite_id\":1,\"desc\":\"Shawn D\'silva wants to be friends!\"}',NULL,'2020-10-06 09:54:54','2020-10-06 09:54:54'),('a2a3ce49-60f1-4c5b-a121-c65c8283f9fe','App\\Notifications\\NotificationRequest','App\\User',1,'{\"invite_id\":24,\"desc\":\" wants to be friends!\"}',NULL,'2020-10-02 05:48:54','2020-10-02 05:48:54'),('a2f2e2f3-8e02-4850-8897-3fa7a7c9e3dc','App\\Notifications\\NotificationRequest','App\\User',2,'{\"sender_name\":\"Shawn D\'silva\",\"invite_id\":1,\"desc\":\"wants to be friends!\"}',NULL,'2020-10-10 11:43:14','2020-10-10 11:43:14'),('a31527e8-c853-468d-bb04-9028fc8ce811','App\\Notifications\\NotificationRequest','App\\User',1,'{\"sender_name\":\"Monsoon\",\"invite_id\":164,\"desc\":\"wants to be friends!\",\"id\":\"a31527e8-c853-468d-bb04-9028fc8ce811\"}','2020-10-18 06:23:43','2020-10-18 06:21:06','2020-10-18 06:23:43'),('a38de997-1863-4b1d-a04a-f88d1f527d36','App\\Notifications\\NotificationRequest','App\\User',2,'{\"sender_name\":\"Shawn D\'silva\",\"invite_id\":1,\"desc\":\"wants to be friends!\"}',NULL,'2020-10-10 11:40:02','2020-10-10 11:40:02'),('a46ea754-e017-48d4-8304-ba3f40413823','App\\Notifications\\NotificationRequest','App\\User',2,'{\"sender_name\":\"Shawn D\'silva\",\"invite_id\":1,\"desc\":\"wants to be friends!\"}',NULL,'2020-10-11 09:04:57','2020-10-11 09:04:57'),('a4cd6d40-7745-49d2-bf36-9f723808c196','App\\Notifications\\NotificationRequest','App\\User',2,'{\"sender_name\":\"Shawn D\'silva\",\"invite_id\":1,\"desc\":\"wants to be friends!\"}',NULL,'2020-10-11 08:45:57','2020-10-11 08:45:57'),('a5f0da78-1c2c-457a-b559-54b8fd163b9f','App\\Notifications\\NotificationRequest','App\\User',2,'{\"sender_name\":\"Shawn D\'silva\",\"invite_id\":236,\"request_type\":\"FRND\",\"recv_channel\":null,\"desc\":\"wants to be friends!\",\"id\":\"a5f0da78-1c2c-457a-b559-54b8fd163b9f\"}',NULL,'2020-11-15 13:15:23','2020-11-15 13:15:23'),('a5f25ca1-cd0b-44c2-a680-25ca55236cde','App\\Notifications\\NotificationRequest','App\\User',3,'{\"sender_name\":\"Samuel Rodriguez\",\"invite_id\":144,\"desc\":\"wants to be friends!\"}',NULL,'2020-10-12 12:28:17','2020-10-12 12:28:17'),('a7407dc2-9a2e-4f4d-b7d0-53c9723a0e20','App\\Notifications\\NotificationRequest','App\\User',1,'{\"invite_id\":13,\"desc\":\" wants to be friends!\"}',NULL,'2020-10-02 05:20:39','2020-10-02 05:20:39'),('a84c7f01-28e7-4583-a054-73ef0731546e','App\\Notifications\\NotificationRequest','App\\User',2,'{\"sender_name\":\"Shawn D\'silva\",\"invite_id\":1,\"desc\":\"wants to be friends!\"}',NULL,'2020-10-07 10:58:16','2020-10-07 10:58:16'),('a8e10594-8b47-41bb-8c2b-e62834b55aab','App\\Notifications\\NotificationRequest','App\\User',2,'{\"sender_name\":\"Samuel Rodriguez\",\"invite_id\":191,\"desc\":\"wants to join your channel !\",\"id\":\"a8e10594-8b47-41bb-8c2b-e62834b55aab\"}',NULL,'2020-10-30 12:43:15','2020-10-30 12:43:15'),('a9d03ebf-6cd7-404c-a150-0cfec9e4ce5e','App\\Notifications\\NotificationRequest','App\\User',1,'{\"invite_id\":8,\"desc\":\" wants to be friends!\"}',NULL,'2020-10-02 05:16:39','2020-10-02 05:16:39'),('b296ab36-d3cb-418c-854a-e27d95caf637','App\\Notifications\\NotificationRequest','App\\User',2,'{\"sender_name\":\"Shawn D\'silva\",\"invite_id\":1,\"desc\":\"wants to be friends!\"}',NULL,'2020-10-10 11:38:23','2020-10-10 11:38:23'),('b47cba61-6cce-4038-9c96-97fb5e9a8395','App\\Notifications\\NotificationRequest','App\\User',2,'{\"sender_name\":\"Shawn D\'silva\",\"invite_id\":1,\"desc\":\"wants to be friends!\"}',NULL,'2020-10-08 04:45:23','2020-10-08 04:45:23'),('b49679ce-9ef3-425f-81ed-71a84bdc2809','App\\Notifications\\NotificationRequest','App\\User',1,'{\"sender_name\":\"Steven Armstrong\",\"invite_id\":209,\"request_type\":\"INVT\",\"recv_channel\":\"SENATOR ARMSTRONG\'S PUBLIC CHANNEL\",\"desc\":\"has invited you to join channel SENATOR ARMSTRONG\'S PUBLIC CHANNEL!\",\"id\":\"b49679ce-9ef3-425f-81ed-71a84bdc2809\"}','2020-11-08 04:29:17','2020-11-08 04:28:53','2020-11-08 04:29:17'),('b4a5ffaa-835c-4f0e-9277-e3826a4270a2','App\\Notifications\\NotificationRequest','App\\User',2,'{\"sender_name\":\"Samuel Rodriguez\",\"invite_id\":194,\"desc\":\"wants to join your channel !\",\"id\":\"b4a5ffaa-835c-4f0e-9277-e3826a4270a2\"}','2020-10-30 12:52:29','2020-10-30 12:52:26','2020-10-30 12:52:29'),('b557d02d-1ae6-46cd-b7c8-0632e6628810','App\\Notifications\\NotificationRequest','App\\User',2,'{\"sender_name\":\"Shawn D\'silva\",\"invite_id\":1,\"desc\":\"wants to be friends!\"}',NULL,'2020-10-08 04:41:49','2020-10-08 04:41:49'),('b79a1b11-33ab-4c26-981d-99fa56d4a4da','App\\Notifications\\NotificationRequest','App\\User',2,'{\"sender_name\":\"Samuel Rodriguez\",\"invite_id\":136,\"desc\":\"wants to be friends!\"}','2020-10-18 06:06:03','2020-10-12 12:22:22','2020-10-18 06:06:03'),('b821e1fc-6954-416d-b088-1b51fd10ee8c','App\\Notifications\\NotificationRequest','App\\User',1,'{\"sender_name\":\"Monsoon\",\"invite_id\":168,\"desc\":\"wants to be friends!\",\"id\":\"b821e1fc-6954-416d-b088-1b51fd10ee8c\"}','2020-10-18 06:21:15','2020-10-18 06:21:08','2020-10-18 06:21:15'),('b989a43f-9007-42a1-acad-b99eb084e4d4','App\\Notifications\\NotificationRequest','App\\User',2,'{\"sender_name\":\"Samuel Rodriguez\",\"invite_id\":193,\"desc\":\"wants to join your channel !\",\"id\":\"b989a43f-9007-42a1-acad-b99eb084e4d4\"}','2020-10-30 12:51:40','2020-10-30 12:51:10','2020-10-30 12:51:40'),('b9bfcd3c-dfb6-42df-a2de-eed7531e8878','App\\Notifications\\NotificationRequest','App\\User',2,'{\"sender_name\":\"Steven Armstrong\",\"invite_id\":127,\"desc\":\"wants to be friends!\"}',NULL,'2020-10-11 09:10:36','2020-10-11 09:10:36'),('bb65af41-06e8-4dbc-9ae4-7f70ba0a8ddf','App\\Notifications\\NotificationRequest','App\\User',1,'{\"sender_name\":\"Monsoon\",\"invite_id\":222,\"request_type\":\"FRND\",\"recv_channel\":null,\"desc\":\"wants to be friends!\",\"id\":\"bb65af41-06e8-4dbc-9ae4-7f70ba0a8ddf\"}',NULL,'2020-11-14 12:58:50','2020-11-14 12:58:50'),('bbb6fbd6-5d23-40ad-be40-23b55ee963a9','App\\Notifications\\NotificationRequest','App\\User',1,'{\"sender_name\":\"Monsoon\",\"invite_id\":237,\"request_type\":\"FRND\",\"recv_channel\":null,\"desc\":\"wants to be friends!\",\"id\":\"bbb6fbd6-5d23-40ad-be40-23b55ee963a9\"}',NULL,'2020-11-15 13:15:42','2020-11-15 13:15:42'),('bc8dc8ca-3885-4963-b215-dadaf11bc6aa','App\\Notifications\\NotificationRequest','App\\User',2,'{\"sender_name\":\"Steven Armstrong\",\"invite_id\":211,\"request_type\":\"INVT\",\"recv_channel\":\"SENATOR ARMSTRONG\'S PUBLIC CHANNEL\",\"desc\":\"has invited you to join channel SENATOR ARMSTRONG\'S PUBLIC CHANNEL!\",\"id\":\"bc8dc8ca-3885-4963-b215-dadaf11bc6aa\"}','2020-11-08 04:43:01','2020-11-08 04:42:59','2020-11-08 04:43:01'),('bd6aa9e2-cf49-4e63-8203-0c5d101d2de8','App\\Notifications\\NotificationRequest','App\\User',1,'{\"invite_id\":15,\"desc\":\" wants to be friends!\"}',NULL,'2020-10-02 05:23:08','2020-10-02 05:23:08'),('bde282bf-23aa-4a20-acf5-08380e130f0b','App\\Notifications\\NotificationRequest','App\\User',2,'{\"sender_name\":\"Shawn D\'silva\",\"invite_id\":1,\"desc\":\"wants to be friends!\"}',NULL,'2020-10-10 04:03:15','2020-10-10 04:03:15'),('bf564afd-4921-451d-8941-16783861a576','App\\Notifications\\NotificationRequest','App\\User',2,'{\"sender_name\":\"Samuel Rodriguez\",\"invite_id\":238,\"request_type\":\"FRND\",\"recv_channel\":null,\"desc\":\"wants to be friends!\",\"id\":\"bf564afd-4921-451d-8941-16783861a576\"}',NULL,'2020-11-15 13:21:10','2020-11-15 13:21:10'),('bfb6ad3d-4170-4d3e-966f-0f2146518db2','App\\Notifications\\NotificationRequest','App\\User',2,'{\"sender_name\":\"Shawn D\'silva\",\"invite_id\":1,\"desc\":\"wants to be friends!\"}',NULL,'2020-10-10 10:39:59','2020-10-10 10:39:59'),('c085cfa5-8e9b-4b90-8b4c-e30b01e45222','App\\Notifications\\NotificationRequest','App\\User',3,'{\"sender_name\":\"Monsoon\",\"invite_id\":243,\"request_type\":\"FRND\",\"recv_channel\":null,\"desc\":\"wants to be friends!\",\"id\":\"c085cfa5-8e9b-4b90-8b4c-e30b01e45222\"}',NULL,'2020-11-15 13:40:42','2020-11-15 13:40:42'),('c2c10d81-fb2c-4c09-9fe5-72065bac53e0','App\\Notifications\\NotificationRequest','App\\User',2,'{\"sender_name\":\"Sundowner\",\"invite_id\":173,\"desc\":\"wants to be friends!\",\"id\":\"c2c10d81-fb2c-4c09-9fe5-72065bac53e0\"}','2020-10-29 03:57:30','2020-10-29 03:57:24','2020-10-29 03:57:30'),('c2e73b93-9fa9-4713-a5b0-3781e9a62dcd','App\\Notifications\\NotificationRequest','App\\User',2,'{\"sender_name\":\"Shawn D\'silva\",\"invite_id\":229,\"request_type\":\"FRND\",\"recv_channel\":null,\"desc\":\"wants to be friends!\",\"id\":\"c2e73b93-9fa9-4713-a5b0-3781e9a62dcd\"}',NULL,'2020-11-15 12:20:37','2020-11-15 12:20:37'),('c380e145-418b-4c01-a1c4-a0d3f3dda96c','App\\Notifications\\NotificationRequest','App\\User',4,'{\"sender_name\":\"Monsoon\",\"invite_id\":239,\"request_type\":\"FRND\",\"recv_channel\":null,\"desc\":\"wants to be friends!\",\"id\":\"c380e145-418b-4c01-a1c4-a0d3f3dda96c\"}',NULL,'2020-11-15 13:23:30','2020-11-15 13:23:30'),('c641e446-6027-4a6c-93a2-750843fc0cc0','App\\Notifications\\NotificationRequest','App\\User',1,'{\"invite_id\":32,\"desc\":\" wants to be friends!\"}',NULL,'2020-10-02 05:57:07','2020-10-02 05:57:07'),('c6d85bc8-bd2e-40e1-befe-8ed5793cedb6','App\\Notifications\\NotificationRequest','App\\User',1,'{\"sender_name\":\"Monsoon\",\"invite_id\":213,\"request_type\":\"INVT\",\"recv_channel\":\"Monsoon\'s MEME channel\",\"desc\":\"has invited you to join channel Monsoon\'s MEME channel!\",\"id\":\"c6d85bc8-bd2e-40e1-befe-8ed5793cedb6\"}','2020-11-12 12:16:31','2020-11-12 12:16:28','2020-11-12 12:16:31'),('c72bde38-1b45-4bf4-b828-59fc3d3e54a8','App\\Notifications\\NotificationRequest','App\\User',2,'{\"sender_name\":\"Shawn D\'silva\",\"invite_id\":1,\"desc\":\"wants to be friends!\"}',NULL,'2020-10-10 10:47:01','2020-10-10 10:47:01'),('c90b8a28-abd8-4e4a-acfa-6bb361aa4c57','App\\Notifications\\NotificationRequest','App\\User',2,'{\"sender_name\":\"Shawn D\'silva\",\"invite_id\":1,\"desc\":\"wants to be friends!\"}',NULL,'2020-10-10 03:47:18','2020-10-10 03:47:18'),('caafa932-466a-4349-bf67-56e93de69dfe','App\\Notifications\\NotificationRequest','App\\User',2,'{\"sender_name\":\"Samuel Rodriguez\",\"invite_id\":190,\"desc\":\"wants to join your channel !\",\"id\":\"caafa932-466a-4349-bf67-56e93de69dfe\"}','2020-10-30 12:09:00','2020-10-30 12:08:57','2020-10-30 12:09:00'),('ced3339d-6601-4350-aec0-c088df800031','App\\Notifications\\NotificationRequest','App\\User',3,'{\"sender_name\":\"Shawn D\'silva\",\"invite_id\":1,\"desc\":\"wants to be friends!\"}',NULL,'2020-10-10 11:17:05','2020-10-10 11:17:05'),('cf32d02b-82b4-4425-939f-0057adcda846','App\\Notifications\\NotificationRequest','App\\User',1,'{\"invite_id\":12,\"desc\":\" wants to be friends!\"}',NULL,'2020-10-02 05:19:12','2020-10-02 05:19:12'),('cfa4562a-8448-409b-937e-a23b2622823d','App\\Notifications\\NotificationRequest','App\\User',2,'{\"sender_name\":\"Shawn D\'silva\",\"invite_id\":1,\"desc\":\"wants to be friends!\"}',NULL,'2020-10-07 10:58:58','2020-10-07 10:58:58'),('d02d918a-e935-4fbb-bf5b-5375229958c8','App\\Notifications\\NotificationRequest','App\\User',1,'{\"sender_name\":\"Shawn D\'silva\",\"invite_id\":1,\"desc\":\"wants to be friends!\"}',NULL,'2020-10-06 10:09:12','2020-10-06 10:09:12'),('d08dffb0-b74d-482c-b9da-35522045ea4b','App\\Notifications\\NotificationRequest','App\\User',3,'{\"sender_name\":\"Monsoon\",\"invite_id\":244,\"request_type\":\"INVT\",\"recv_channel\":\"Monsoon\'s MEME channel\",\"desc\":\"has invited you to join channel Monsoon\'s MEME channel!\",\"id\":\"d08dffb0-b74d-482c-b9da-35522045ea4b\"}',NULL,'2020-11-15 13:40:51','2020-11-15 13:40:51'),('d35f6a17-1531-40e7-a651-4615a5d7724c','App\\Notifications\\NotificationRequest','App\\User',2,'{\"sender_name\":\"Shawn D\'silva\",\"invite_id\":1,\"desc\":\"wants to be friends!\"}',NULL,'2020-10-10 03:44:49','2020-10-10 03:44:49'),('d3e1092a-d803-40a4-af2c-eb41539da531','App\\Notifications\\NotificationRequest','App\\User',2,'{\"sender_name\":\"Shawn D\'silva\",\"invite_id\":185,\"desc\":\"wants to join your channel !\",\"id\":\"d3e1092a-d803-40a4-af2c-eb41539da531\"}','2020-10-29 06:49:40','2020-10-29 06:49:37','2020-10-29 06:49:40'),('d583df70-e6e6-4c1d-bd18-4c31aa87d4ed','App\\Notifications\\NotificationRequest','App\\User',2,'{\"sender_name\":\"Shawn D\'silva\",\"invite_id\":195,\"type\":\"JOIN\",\"recv_channel\":null,\"desc\":\"wants to join your channel !\",\"id\":\"d583df70-e6e6-4c1d-bd18-4c31aa87d4ed\"}','2020-10-31 09:14:14','2020-10-31 09:14:08','2020-10-31 09:14:14'),('d59a3101-7583-4449-ba45-3aab71c43f8d','App\\Notifications\\NotificationRequest','App\\User',2,'{\"sender_name\":\"Shawn D\'silva\",\"invite_id\":181,\"desc\":\"wants to join your channel !\",\"id\":\"d59a3101-7583-4449-ba45-3aab71c43f8d\"}','2020-10-29 06:39:20','2020-10-29 06:39:18','2020-10-29 06:39:20'),('d76035b7-e77d-466f-b39d-7c5305c25c45','App\\Notifications\\NotificationRequest','App\\User',2,'{\"sender_name\":\"Shawn D\'silva\",\"invite_id\":1,\"desc\":\"wants to be friends!\"}',NULL,'2020-10-08 04:55:48','2020-10-08 04:55:48'),('dd83cf11-bf8e-4415-80eb-feb77000f44f','App\\Notifications\\NotificationRequest','App\\User',5,'{\"sender_name\":\"Steven Armstrong\",\"invite_id\":216,\"request_type\":\"INVT\",\"recv_channel\":\"SENATOR ARMSTRONG\'S PUBLIC CHANNEL\",\"desc\":\"has invited you to join channel SENATOR ARMSTRONG\'S PUBLIC CHANNEL!\",\"id\":\"dd83cf11-bf8e-4415-80eb-feb77000f44f\"}','2020-11-12 12:30:12','2020-11-12 12:30:07','2020-11-12 12:30:12'),('deede277-93d5-437d-9c95-dac7e902ff98','App\\Notifications\\NotificationRequest','App\\User',1,'{\"sender_name\":\"Sundowner\",\"invite_id\":149,\"desc\":\"wants to be friends!\"}','2020-10-17 09:52:13','2020-10-15 05:23:05','2020-10-17 09:52:13'),('df36dcda-d74d-4656-82f2-da682d0822c3','App\\Notifications\\NotificationRequest','App\\User',1,'{\"invite_id\":10,\"desc\":\" wants to be friends!\"}',NULL,'2020-10-02 05:16:40','2020-10-02 05:16:40'),('df80ac03-c7ca-4532-91e3-33c714a74c6b','App\\Notifications\\NotificationRequest','App\\User',2,'{\"sender_name\":\"Shawn D\'silva\",\"invite_id\":200,\"type\":\"FRND\",\"recv_channel\":null,\"desc\":\"wants to be friends!\",\"id\":\"df80ac03-c7ca-4532-91e3-33c714a74c6b\"}','2020-10-31 09:47:01','2020-10-31 09:46:36','2020-10-31 09:47:01'),('e0c2cc81-1ce6-4ef6-a60f-1069af89a93f','App\\Notifications\\NotificationRequest','App\\User',2,'{\"sender_name\":\"Shawn D\'silva\",\"invite_id\":201,\"type\":\"FRND\",\"recv_channel\":null,\"desc\":\"wants to be friends!\",\"id\":\"e0c2cc81-1ce6-4ef6-a60f-1069af89a93f\"}','2020-10-31 09:54:21','2020-10-31 09:53:36','2020-10-31 09:54:21'),('e24ccbf6-601c-4c23-92af-58947b2dcdcc','App\\Notifications\\NotificationRequest','App\\User',1,'{\"sender_name\":\"Steven Armstrong\",\"invite_id\":252,\"request_type\":\"INVT\",\"recv_channel\":\"SENATOR ARMSTRONG\'S PUBLIC CHANNEL\",\"desc\":\"has invited you to join channel SENATOR ARMSTRONG\'S PUBLIC CHANNEL!\",\"id\":\"e24ccbf6-601c-4c23-92af-58947b2dcdcc\"}',NULL,'2020-11-17 06:39:51','2020-11-17 06:39:51'),('e2534e32-fc00-4e63-b11d-17ae7537065b','App\\Notifications\\NotificationRequest','App\\User',2,'{\"sender_name\":\"Shawn D\'silva\",\"invite_id\":1,\"desc\":\"wants to be friends!\"}',NULL,'2020-10-08 04:57:30','2020-10-08 04:57:30'),('e2a750d3-0f7e-4d2f-bc7a-eedbf3db7403','App\\Notifications\\NotificationRequest','App\\User',2,'{\"sender_name\":\"Shawn D\'silva\",\"invite_id\":1,\"desc\":\"wants to be friends!\"}',NULL,'2020-10-10 04:05:13','2020-10-10 04:05:13'),('e3f5417b-bc78-4ffc-bd74-0d866fb79a8b','App\\Notifications\\NotificationRequest','App\\User',1,'{\"invite_id\":29,\"desc\":\" wants to be friends!\"}',NULL,'2020-10-02 05:53:24','2020-10-02 05:53:24'),('e625a9be-7184-4cb5-9ab3-b58e8223186e','App\\Notifications\\NotificationRequest','App\\User',3,'{\"sender_name\":\"Shawn D\'silva\",\"invite_id\":1,\"desc\":\"wants to be friends!\"}',NULL,'2020-10-11 08:50:39','2020-10-11 08:50:39'),('e6cc247e-87d3-466c-a7f4-5efab01a9f3b','App\\Notifications\\NotificationRequest','App\\User',3,'{\"sender_name\":\"Shawn D\'silva\",\"invite_id\":1,\"desc\":\"wants to be friends!\"}',NULL,'2020-10-11 08:58:06','2020-10-11 08:58:06'),('e7899807-f088-4a03-9f5d-7750f0bcccff','App\\Notifications\\NotificationRequest','App\\User',2,'{\"sender_name\":\"Shawn D\'silva\",\"invite_id\":1,\"desc\":\"wants to be friends!\"}',NULL,'2020-10-10 12:55:51','2020-10-10 12:55:51'),('e7e6df25-c26f-4fe2-862b-423c5a559aa0','App\\Notifications\\NotificationRequest','App\\User',2,'{\"sender_name\":\"Samuel Rodriguez\",\"invite_id\":140,\"desc\":\"wants to be friends!\"}','2020-10-18 06:05:41','2020-10-12 12:24:54','2020-10-18 06:05:41'),('e80a3cc0-b971-4b20-a5be-f525cc3889b2','App\\Notifications\\NotificationRequest','App\\User',1,'{\"invite_id\":1,\"desc\":\"Shawn D\'silva wants to be friends!\"}',NULL,'2020-10-06 10:02:46','2020-10-06 10:02:46'),('e9f80c69-7b55-4fb8-9e38-9da985e99079','App\\Notifications\\NotificationRequest','App\\User',1,'{\"sender_name\":\"Steven Armstrong\",\"invite_id\":130,\"desc\":\"wants to be friends!\"}','2020-10-19 07:23:17','2020-10-11 09:16:14','2020-10-19 07:23:17'),('ea1ad988-78bc-4a5e-894b-4f85033d395c','App\\Notifications\\NotificationRequest','App\\User',2,'{\"sender_name\":\"Samuel Rodriguez\",\"invite_id\":240,\"request_type\":\"FRND\",\"recv_channel\":null,\"desc\":\"wants to be friends!\",\"id\":\"ea1ad988-78bc-4a5e-894b-4f85033d395c\"}',NULL,'2020-11-15 13:24:03','2020-11-15 13:24:03'),('ec3f6d55-e5b2-48ec-8073-b88b400873dc','App\\Notifications\\NotificationRequest','App\\User',2,'{\"sender_name\":\"Samuel Rodriguez\",\"invite_id\":188,\"desc\":\"wants to join your channel !\",\"id\":\"ec3f6d55-e5b2-48ec-8073-b88b400873dc\"}','2020-10-31 09:02:44','2020-10-30 12:04:14','2020-10-31 09:02:44'),('ed353c0e-c2f7-4e5c-8170-03bb15ecb62c','App\\Notifications\\NotificationRequest','App\\User',1,'{\"sender_name\":\"Sundowner\",\"invite_id\":146,\"desc\":\"wants to be friends!\"}',NULL,'2020-10-15 05:15:30','2020-10-15 05:15:30'),('ede9e485-6e2c-4c6a-9840-d520a85c70f2','App\\Notifications\\NotificationRequest','App\\User',1,'{\"invite_id\":null,\"desc\":\"\"}',NULL,'2020-10-05 08:45:32','2020-10-05 08:45:32'),('efd2b877-a4d7-452d-aeed-2e6134dac82d','App\\Notifications\\NotificationRequest','App\\User',2,'{\"sender_name\":\"Shawn D\'silva\",\"invite_id\":1,\"desc\":\"wants to be friends!\"}',NULL,'2020-10-09 10:40:02','2020-10-09 10:40:02'),('efee96ad-73e0-409a-9b5b-ad0f901b2cb9','App\\Notifications\\NotificationRequest','App\\User',4,'{\"sender_name\":\"Monsoon\",\"invite_id\":226,\"request_type\":\"INVT\",\"recv_channel\":\"Monsoon\'s MEME channel\",\"desc\":\"has invited you to join channel Monsoon\'s MEME channel!\",\"id\":\"efee96ad-73e0-409a-9b5b-ad0f901b2cb9\"}',NULL,'2020-11-15 11:28:49','2020-11-15 11:28:49'),('f06c6efe-861f-4c95-b32c-757b218bf702','App\\Notifications\\NotificationRequest','App\\User',2,'{\"sender_name\":\"Samuel Rodriguez\",\"invite_id\":192,\"desc\":\"wants to join your channel !\",\"id\":\"f06c6efe-861f-4c95-b32c-757b218bf702\"}','2020-10-31 09:39:33','2020-10-30 12:43:27','2020-10-31 09:39:33'),('f0ba2f7d-7409-4f6f-b24e-3a6239deeec7','App\\Notifications\\NotificationRequest','App\\User',4,'{\"sender_name\":\"Steven Armstrong\",\"invite_id\":248,\"request_type\":\"FRND\",\"recv_channel\":null,\"desc\":\"wants to be friends!\",\"id\":\"f0ba2f7d-7409-4f6f-b24e-3a6239deeec7\"}',NULL,'2020-11-16 06:32:22','2020-11-16 06:32:22'),('f1462ac2-e7b7-481e-a511-c3bd5cdbb533','App\\Notifications\\NotificationRequest','App\\User',1,'{\"sender_name\":\"Monsoon\",\"invite_id\":167,\"desc\":\"wants to be friends!\",\"id\":\"f1462ac2-e7b7-481e-a511-c3bd5cdbb533\"}','2020-10-19 07:19:29','2020-10-18 06:21:07','2020-10-19 07:19:29'),('f1853274-377b-4e40-b99d-51c3f2cc81d3','App\\Notifications\\NotificationRequest','App\\User',2,'{\"sender_name\":\"Shawn D\'silva\",\"invite_id\":220,\"request_type\":\"JOIN\",\"recv_channel\":\"test channel\",\"desc\":\"wants to join your channel test channel!\",\"id\":\"f1853274-377b-4e40-b99d-51c3f2cc81d3\"}',NULL,'2020-11-14 12:40:43','2020-11-14 12:40:43'),('f2f3d510-a19c-4acc-a27d-d58ed04b5e6c','App\\Notifications\\NotificationRequest','App\\User',2,'{\"sender_name\":\"Shawn D\'silva\",\"invite_id\":1,\"desc\":\"wants to be friends!\"}',NULL,'2020-10-07 06:17:46','2020-10-07 06:17:46'),('f33bba93-af00-4198-b7df-e87662c932ad','App\\Notifications\\NotificationRequest','App\\User',3,'{\"sender_name\":\"Samuel Rodriguez\",\"invite_id\":141,\"desc\":\"wants to be friends!\"}',NULL,'2020-10-12 12:25:46','2020-10-12 12:25:46'),('f3445acb-899b-43c7-9219-b0fd252c83a7','App\\Notifications\\NotificationRequest','App\\User',3,'{\"sender_name\":\"Shawn D\'silva\",\"invite_id\":1,\"desc\":\"wants to be friends!\"}',NULL,'2020-10-10 11:05:56','2020-10-10 11:05:56'),('f39897f3-f048-462a-b82c-3ece3cfe6989','App\\Notifications\\NotificationRequest','App\\User',3,'{\"sender_name\":\"Shawn D\'silva\",\"invite_id\":1,\"desc\":\"wants to be friends!\"}',NULL,'2020-10-10 11:12:24','2020-10-10 11:12:24'),('f3adbdfb-b0e6-450b-939e-6d351838ed9d','App\\Notifications\\NotificationRequest','App\\User',1,'{\"sender_name\":\"Monsoon\",\"invite_id\":165,\"desc\":\"wants to be friends!\",\"id\":\"f3adbdfb-b0e6-450b-939e-6d351838ed9d\"}','2020-10-19 07:19:37','2020-10-18 06:21:06','2020-10-19 07:19:37'),('f3ea5be6-d733-4719-adc6-d045c92e1c55','App\\Notifications\\NotificationRequest','App\\User',1,'{\"invite_id\":27,\"desc\":\" wants to be friends!\"}',NULL,'2020-10-02 05:53:24','2020-10-02 05:53:24'),('f4dc9da3-f0c9-49e5-91ac-f6f5b7d960dc','App\\Notifications\\NotificationRequest','App\\User',1,'{\"invite_id\":31,\"desc\":\" wants to be friends!\"}',NULL,'2020-10-02 05:56:40','2020-10-02 05:56:40'),('f5a903d0-3f50-485a-b564-4c0c4898568c','App\\Notifications\\NotificationRequest','App\\User',1,'{\"sender_name\":\"Sundowner\",\"invite_id\":148,\"desc\":\"wants to be friends!\"}','2020-10-17 09:49:56','2020-10-15 05:20:35','2020-10-17 09:49:56'),('f6d62c5e-0136-4e25-8c34-7db491035d40','App\\Notifications\\NotificationRequest','App\\User',1,'{\"sender_name\":\"Steven Armstrong\",\"invite_id\":129,\"desc\":\"wants to be friends!\"}',NULL,'2020-10-11 09:13:19','2020-10-11 09:13:19'),('f70a25d9-70ef-40d7-8025-7a6b529503f2','App\\Notifications\\NotificationRequest','App\\User',2,'{\"sender_name\":\"Shawn D\'silva\",\"invite_id\":172,\"desc\":\"wants to join your channel !\",\"id\":\"f70a25d9-70ef-40d7-8025-7a6b529503f2\"}','2020-10-29 06:26:58','2020-10-29 03:33:38','2020-10-29 06:26:58'),('f7adc225-49d9-46a3-8fea-0e0929f3ad12','App\\Notifications\\NotificationRequest','App\\User',1,'{\"invite_id\":11,\"desc\":\" wants to be friends!\"}',NULL,'2020-10-02 05:19:12','2020-10-02 05:19:12'),('f7ce4518-c4e1-4e33-89b9-f68b09e76d7e','App\\Notifications\\NotificationRequest','App\\User',1,'{\"invite_id\":35,\"desc\":\"1 wants to be friends!\"}',NULL,'2020-10-05 08:26:26','2020-10-05 08:26:26'),('f870c8f6-56b3-4fdb-82db-97a44ef9ac70','App\\Notifications\\NotificationRequest','App\\User',4,'{\"sender_name\":\"Monsoon\",\"invite_id\":137,\"desc\":\"wants to be friends!\"}','2020-11-15 11:27:53','2020-10-12 12:22:53','2020-11-15 11:27:53'),('f88f9e20-0ee3-4695-a516-4b2d6e5bfd09','App\\Notifications\\NotificationRequest','App\\User',3,'{\"sender_name\":\"Sundowner\",\"invite_id\":174,\"desc\":\"wants to be friends!\",\"id\":\"f88f9e20-0ee3-4695-a516-4b2d6e5bfd09\"}','2020-10-29 04:01:28','2020-10-29 04:01:22','2020-10-29 04:01:28'),('fa81e5a6-157a-4a07-9473-db38efe47699','App\\Notifications\\NotificationRequest','App\\User',3,'{\"sender_name\":\"Shawn D\'silva\",\"invite_id\":1,\"desc\":\"wants to be friends!\"}',NULL,'2020-10-11 08:40:19','2020-10-11 08:40:19'),('fa880353-7355-479a-bfbc-e2d2db0713a4','App\\Notifications\\NotificationRequest','App\\User',1,'{\"sender_name\":\"Samuel Rodriguez\",\"invite_id\":154,\"desc\":\"wants to be friends!\"}','2020-10-18 05:57:05','2020-10-17 10:00:04','2020-10-18 05:57:05'),('faf4aea1-599c-44a5-8481-eedacf495eaa','App\\Notifications\\NotificationRequest','App\\User',2,'{\"sender_name\":\"Shawn D\'silva\",\"invite_id\":1,\"desc\":\"wants to be friends!\"}',NULL,'2020-10-07 11:06:41','2020-10-07 11:06:41'),('fb00dfc2-2d22-4bf7-ae84-5e2d8bed096c','App\\Notifications\\NotificationRequest','App\\User',2,'{\"sender_name\":\"Shawn D\'silva\",\"invite_id\":182,\"desc\":\"wants to join your channel !\",\"id\":\"fb00dfc2-2d22-4bf7-ae84-5e2d8bed096c\"}','2020-10-29 06:40:46','2020-10-29 06:40:43','2020-10-29 06:40:46'),('fdbbb86f-356c-4718-a054-f21d4a30a303','App\\Notifications\\NotificationRequest','App\\User',1,'{\"sender_name\":\"Steven Armstrong\",\"invite_id\":235,\"request_type\":\"FRND\",\"recv_channel\":null,\"desc\":\"wants to be friends!\",\"id\":\"fdbbb86f-356c-4718-a054-f21d4a30a303\"}',NULL,'2020-11-15 12:25:55','2020-11-15 12:25:55'),('fdc695cb-3a4a-4e24-9109-e7c3d04c5971','App\\Notifications\\NotificationRequest','App\\User',4,'{\"sender_name\":\"Monsoon\",\"invite_id\":215,\"request_type\":\"INVT\",\"recv_channel\":\"Monsoon\'s MEME channel\",\"desc\":\"has invited you to join channel Monsoon\'s MEME channel!\",\"id\":\"fdc695cb-3a4a-4e24-9109-e7c3d04c5971\"}','2020-11-12 12:28:10','2020-11-12 12:28:07','2020-11-12 12:28:10'),('ff3bb3d1-93b6-4d1e-98ba-8ab3908ea3e3','App\\Notifications\\NotificationRequest','App\\User',3,'{\"sender_name\":\"Shawn D\'silva\",\"invite_id\":1,\"desc\":\"wants to be friends!\"}',NULL,'2020-10-10 11:05:10','2020-10-10 11:05:10');
/*!40000 ALTER TABLE `notifications` ENABLE KEYS */;
UNLOCK TABLES;

--
-- Table structure for table `oauth_access_tokens`
--

DROP TABLE IF EXISTS `oauth_access_tokens`;
/*!40101 SET @saved_cs_client     = @@character_set_client */;
/*!40101 SET character_set_client = utf8 */;
CREATE TABLE `oauth_access_tokens` (
  `id` varchar(100) COLLATE utf8mb4_unicode_ci NOT NULL,
  `user_id` bigint(20) unsigned DEFAULT NULL,
  `client_id` bigint(20) unsigned NOT NULL,
  `name` varchar(255) COLLATE utf8mb4_unicode_ci DEFAULT NULL,
  `scopes` text COLLATE utf8mb4_unicode_ci,
  `revoked` tinyint(1) NOT NULL,
  `created_at` timestamp NULL DEFAULT NULL,
  `updated_at` timestamp NULL DEFAULT NULL,
  `expires_at` datetime DEFAULT NULL,
  PRIMARY KEY (`id`),
  KEY `oauth_access_tokens_user_id_index` (`user_id`)
) ENGINE=InnoDB DEFAULT CHARSET=utf8mb4 COLLATE=utf8mb4_unicode_ci;
/*!40101 SET character_set_client = @saved_cs_client */;

--
-- Dumping data for table `oauth_access_tokens`
--

LOCK TABLES `oauth_access_tokens` WRITE;
/*!40000 ALTER TABLE `oauth_access_tokens` DISABLE KEYS */;
INSERT INTO `oauth_access_tokens` VALUES ('021fbbf0410778e0d9a35a9efb2306c082d11faefbeb78197e1bf23c56d1a81f1ad40663b3276da1',2,1,'Personal Access Token','[]',0,'2020-10-07 06:17:39','2020-10-07 06:17:39','2021-10-07 11:47:39'),('04b7ec22bc9aa1bfe80e95ff128b8833c2ff228c52fde7ed3bbb6d9b51889b8ee1d5a95ce1da0321',1,1,'Personal Access Token','[]',0,'2020-09-09 00:05:15','2020-09-09 00:05:15','2021-09-09 05:35:15'),('05078948af517a695ee931615c9598c4dea2925c8daa825c8a4d52abf586b60e3b37ba7aee536951',2,1,'Personal Access Token','[]',0,'2020-10-19 04:04:49','2020-10-19 04:04:49','2021-10-19 09:34:49'),('081ab9f96515187735c0d774d2c54106ba42421ab2f4933b6c9d9ad7bb2f7f09aea57f872180bc1d',2,1,'Personal Access Token','[]',0,'2020-10-31 09:02:10','2020-10-31 09:02:10','2021-10-31 14:32:10'),('083ef0a3dcd88afd35f603107303322056b6561cb9b484bb02196cc31f08a0bcddb74ffb4108e5a3',2,1,'Personal Access Token','[]',1,'2020-10-29 03:29:47','2020-10-29 03:29:47','2021-10-29 08:59:47'),('08b2640d8d738f786812691f7273043eecae7072f445574fc62a4593e5a2aba76d7870683991e0a6',2,1,'Personal Access Token','[]',1,'2020-11-16 06:06:21','2020-11-16 06:06:21','2021-11-16 11:36:21'),('09e507673cbca1da26f8acbbb108b314d460e6caa7dd536fda7502aaaf2e3ba79f91e7ec11ee1f2d',1,1,'Personal Access Token','[]',1,'2020-11-15 12:09:03','2020-11-15 12:09:03','2021-11-15 17:39:03'),('0e737057597225fb714d27d518cee696f143d8303f71a21249309bb81d971d2129f0dbb0e6083eb5',2,1,'Personal Access Token','[]',1,'2020-11-15 13:20:35','2020-11-15 13:20:35','2021-11-15 18:50:35'),('0ed372e967fcf93b4b8efef7962dbd51207d9d31bdb734c0227d8c7a20cfa112595dc6fb9c78a7ed',1,1,'Personal Access Token','[]',0,'2020-11-01 09:42:11','2020-11-01 09:42:11','2021-11-01 15:12:11'),('0ed47357b0af607ecb97add96c53b1f124f9d4d24496cd5b7d4da18377b1c95f4a011d6521a811a4',4,1,'Personal Access Token','[]',1,'2020-11-12 12:32:52','2020-11-12 12:32:52','2021-11-12 18:02:52'),('130a001805ab25edfd0e2d91a1c8d0913932391b8ff210b720864ae8006be8a645404ea6966051c7',5,1,'Personal Access Token','[]',1,'2020-11-14 12:45:52','2020-11-14 12:45:52','2021-11-14 18:15:52'),('13a329f322ceed5f41b911f307adc07afe47ae4b3675da1519e0df719a38bcf464a0ea36611da12e',2,1,'Personal Access Token','[]',0,'2020-12-05 12:32:24','2020-12-05 12:32:24','2021-12-05 18:02:24'),('17e2810d17911a68be52723a0388fc09eea257f1131d5ead99cfd641baaed8713c3373b28d65d978',1,1,'Personal Access Token','[]',0,'2020-09-21 03:07:34','2020-09-21 03:07:34','2021-09-21 08:37:34'),('1ced32b444fb5bf9184bac3bb18d7fc5feacfcfa9882e483b740978dd7d125e4f50b4840c0833b86',3,1,'Personal Access Token','[]',0,'2020-11-17 06:39:33','2020-11-17 06:39:33','2021-11-17 12:09:33'),('1d4889493aeabb17f9fb48c571818f0cc417fdc2e5736b830f5cedf77e80408f38b7de67e41f9631',1,1,'Personal Access Token','[]',0,'2020-11-26 13:47:03','2020-11-26 13:47:03','2021-11-26 19:17:03'),('233af27dde4636bae6420932e68736a595210aaf48598812dbc6d16c160321a1fbf58d16ff74aa3b',1,1,'Personal Access Token','[]',1,'2020-11-14 11:59:06','2020-11-14 11:59:06','2021-11-14 17:29:06'),('23e4223ebc31f3ae948007e858cfad23111c57c97fdc6a7f67f7b9cc8ad4130855d1ee4c416a1b4d',2,1,'Personal Access Token','[]',0,'2020-11-26 03:16:45','2020-11-26 03:16:45','2021-11-26 08:46:45'),('23f872549300ea294cbf1d53ebdc5042a1552e14bdbd6dfdc20b94ec35dcc7602867f98230dbbd4e',1,1,'Personal Access Token','[]',1,'2020-11-15 12:12:43','2020-11-15 12:12:43','2021-11-15 17:42:43'),('242f2a7419070a64067c8481e2303a6d5d84a1dea8d4fccb6a9899ba276881ef6f1a27d412301453',1,1,'Personal Access Token','[]',1,'2020-10-05 08:25:20','2020-10-05 08:25:20','2021-10-05 13:55:20'),('245249736c3c571e7388509308f4fbd2d0aa0664064028ea5dd36da5f6056050adf4038a0fafbfa6',2,1,'Personal Access Token','[]',0,'2020-10-10 10:36:39','2020-10-10 10:36:39','2021-10-10 16:06:39'),('2488976f9fdb49647a0429921c3c9d6a2f1df2414f3b16a9c7213b5c0651cebd1b158172a42b8f6c',1,1,'Personal Access Token','[]',0,'2020-10-19 02:48:05','2020-10-19 02:48:05','2021-10-19 08:18:05'),('24fe2cc2258750651e95adea8ca67698433c44ce229b08fce0aa006382bb7235eb1171790b5527ae',2,1,'Personal Access Token','[]',0,'2020-11-26 02:38:21','2020-11-26 02:38:21','2021-11-26 08:08:21'),('2518c58ffdbbcff40ff76cc844c01705e81cc7b6420a1b651f41d44c03cf34c8753b03d22364fff0',1,1,'Personal Access Token','[]',1,'2020-11-15 13:15:09','2020-11-15 13:15:09','2021-11-15 18:45:09'),('271784a0f25459540952c6137e93fc862796b4ebea0b7ca2e4fc520324752c29b6db34c2d0718350',1,1,'Personal Access Token','[]',1,'2020-11-14 13:01:57','2020-11-14 13:01:57','2021-11-14 18:31:57'),('271f28602eca3997d581b2b69ae6f0971e056a0819c61f9fb8550737334c3b19a4f2689bcc3a4454',1,1,'Personal Access Token','[]',0,'2020-10-16 08:10:34','2020-10-16 08:10:34','2021-10-16 13:40:34'),('29ec37045f2b197f783333624fb5befaa24273fe138a5a20e926a925d55b16525610b18715ac900b',1,1,'Personal Access Token','[]',0,'2020-09-09 06:54:48','2020-09-09 06:54:48','2021-09-09 12:24:48'),('2d1ef2359333847c3fa6ba87b1255cfc4644d2768fcc17f946535097371ab9869f78c9f49f49c704',2,1,'Personal Access Token','[]',0,'2020-12-04 12:59:52','2020-12-04 12:59:52','2021-12-04 18:29:52'),('2d6f681667e3ce48e1e829b98d4eb0ca990ccc152401a23434c4c70802dd53d63fb379f610a2eae6',2,1,'Personal Access Token','[]',1,'2020-11-14 12:58:43','2020-11-14 12:58:43','2021-11-14 18:28:43'),('2d81d0aa2fdec2de70a0deb002f7ab081b6a65308c33469123c1408e4ee5d722b4297858e34521c0',2,1,'Personal Access Token','[]',0,'2020-10-07 10:58:08','2020-10-07 10:58:08','2021-10-07 16:28:08'),('2f3352c73690a80d673d01c98f5e2f6d0d86deb2f069fc692f560c30e64c1064c616f0e8d9100cff',1,1,'Personal Access Token','[]',1,'2020-11-14 12:25:55','2020-11-14 12:25:55','2021-11-14 17:55:55'),('31419e04addd29789b260cd9cafbda2c0ebd1aa8cd97e3ba201449d60ffa429d9a54680976849a4d',3,1,'Personal Access Token','[]',0,'2020-10-11 08:28:04','2020-10-11 08:28:04','2021-10-11 13:58:04'),('32047d1769c982cf07fbeef0c03f7c1c8f2f04505c8caeafffff6f60ac88658d705967cf9ec6d27a',2,1,'Personal Access Token','[]',0,'2020-11-15 13:23:05','2020-11-15 13:23:05','2021-11-15 18:53:05'),('3422c57d0b3eb35b037ffe428df4007ecb701745c20158fbc9dcaf452d02f7f438a7426a50bdd9dd',1,1,'Personal Access Token','[]',0,'2020-11-24 12:19:45','2020-11-24 12:19:45','2021-11-24 17:49:45'),('3494c549afa70f575878c6388ee23f0ad4b7c691c7ebfd8992ebaac93e1adc165de71b06b8a1ae0c',3,1,'Personal Access Token','[]',0,'2020-10-24 05:44:45','2020-10-24 05:44:45','2021-10-24 11:14:45'),('3575edd714f3e42e968061a0699eeee5321ddee70154988d7a94a8a8b68a62f9aff3e428b7e8ec65',3,1,'Personal Access Token','[]',0,'2020-11-03 12:56:18','2020-11-03 12:56:18','2021-11-03 18:26:18'),('36b8135685f05b5d45869048a7bc4b1cd0e90a8b51bfaa36a6fc52a194337791c865bf5b4e48af88',5,1,'Personal Access Token','[]',1,'2020-10-29 03:56:36','2020-10-29 03:56:36','2021-10-29 09:26:36'),('3a263d95d077c3e32f8e62cf12b36adc1c5ca541fa10dfbfd6ccd02f2adfa53eff070f5c7f649d49',1,1,'Personal Access Token','[]',0,'2020-09-09 05:07:38','2020-09-09 05:07:38','2021-09-09 10:37:38'),('3b1dfc024a16d524aba3f54479c40eac2589f89c8a6dfc3acc57bcead789e984718e0e78dbee3dcc',5,1,'Personal Access Token','[]',1,'2020-11-14 12:44:48','2020-11-14 12:44:48','2021-11-14 18:14:48'),('3c739f1aaf61384d8aee2e4dbc00a63acf5c8ba2b5c7b65b1778fc7b9a4c203b962cd2c03177e17c',2,1,'Personal Access Token','[]',0,'2020-10-08 04:41:34','2020-10-08 04:41:34','2021-10-08 10:11:34'),('3dfd02e025312aff237fe6173220f4627532564b28cd237521a480333f1b482bc56f60a1b0024462',4,1,'Personal Access Token','[]',1,'2020-10-30 12:02:48','2020-10-30 12:02:48','2021-10-30 17:32:48'),('3ee581875c8d04926c07d6f52651a7d1680b5ad10b141144f6429019a79b3fe150c705dfe6ae6df8',2,1,'Personal Access Token','[]',0,'2020-10-07 10:58:08','2020-10-07 10:58:08','2021-10-07 16:28:08'),('3f97521c06331597ea08288c6dbf392c15f99212dc3ef48728eaf3dbe7049837629514f66fcdac90',2,1,'Personal Access Token','[]',0,'2020-10-30 12:43:07','2020-10-30 12:43:07','2021-10-30 18:13:07'),('3fb05c785d8880537bcdc12fa4176de90b15596df48ed4dcd30ee5338804278f8d8196cba22da1a0',1,1,'Personal Access Token','[]',0,'2020-09-17 07:31:28','2020-09-17 07:31:28','2021-09-17 13:01:28'),('40e48740d25b3e3450276ce2bee646ab2d7e3293c6ce5880be41c55d91d98f0da68e5fd75904926d',1,1,'Personal Access Token','[]',1,'2020-11-03 12:38:49','2020-11-03 12:38:49','2021-11-03 18:08:49'),('428e6e7c7894a183dbd505667fe89073a482fd6e76083444697d386a7cc09da14a27a6637ec5aeda',1,1,'Personal Access Token','[]',0,'2020-09-09 01:02:56','2020-09-09 01:02:56','2021-09-09 06:32:56'),('42a8bba41d1bfe7f4fc0c22dd4036e32d7dc5d0cfbf9ab1d2f983c034e58ec24d3b260ba0c832d6b',1,1,'Personal Access Token','[]',1,'2020-11-08 03:34:55','2020-11-08 03:34:55','2021-11-08 09:04:55'),('42c8fd44eda5dc34c0aef598829719ce9971be2b85596701d9d74fa2a35028bb007c4101ddcbb41b',2,1,'Personal Access Token','[]',0,'2020-11-14 12:05:02','2020-11-14 12:05:02','2021-11-14 17:35:02'),('42e982c2e09ba1d693d68ee83c99ae116cd0be1b09842d7e28ff7bb2739ed2df256cd3db50b28074',1,1,'Personal Access Token','[]',0,'2020-10-31 09:13:58','2020-10-31 09:13:58','2021-10-31 14:43:58'),('433b1a10bf6e677180189758cf2d35cc0dfbadb179e7dd30c09a8a9b1b9196428dbab4fddc0bc45e',3,1,'Personal Access Token','[]',0,'2020-11-12 12:38:14','2020-11-12 12:38:14','2021-11-12 18:08:14'),('437724f79fc3f887f64cbed40a028ff83433401cc3efca1e30d120705d8e4283b041b52ec62731de',2,1,'Personal Access Token','[]',0,'2020-10-10 11:37:17','2020-10-10 11:37:17','2021-10-10 17:07:17'),('4541bb31af647750c2566dafbe73ceea27a91797f185b5b8a9c30755075930692cbede2446b450b8',2,1,'Personal Access Token','[]',0,'2020-11-26 03:20:07','2020-11-26 03:20:07','2021-11-26 08:50:07'),('45762f885df48c26598958b82516f093fad4e9374fa124c14f58d04cdc083faba745cd0d8d20220e',1,1,'Personal Access Token','[]',1,'2020-11-14 12:29:34','2020-11-14 12:29:34','2021-11-14 17:59:34'),('457a48d6138614fb343a8afb2c22a97b5a3ad06a0aecad829609264a49b933f161df6cd1d284b944',4,1,'Personal Access Token','[]',1,'2020-11-15 11:27:16','2020-11-15 11:27:16','2021-11-15 16:57:16'),('4d1f1e20bc4ae55a57c124afecdb5cf8db6e8de906ce33588bb1708d5062a5b62e53dfef77401ee5',1,1,'Personal Access Token','[]',0,'2020-10-01 10:46:53','2020-10-01 10:46:53','2021-10-01 16:16:53'),('4f5ae10f0cf89d10670ce0e680a1ffb94c2bd0fa393d0af87fc9412145bcc5016d692c76af13d3f5',2,1,'Personal Access Token','[]',1,'2020-11-15 12:18:22','2020-11-15 12:18:22','2021-11-15 17:48:22'),('516cce93ee669aa8ef499d625d8efbf0c8d587903c802944b9fc825aa21f0c5b32664a5cd37f20b5',3,1,'Personal Access Token','[]',0,'2020-11-26 02:41:37','2020-11-26 02:41:37','2021-11-26 08:11:37'),('55809f26374d61a4bdcaed8c091fc0067da40827b81565bc1dacd1b4c09d0190eac87df8d9c42445',1,1,'Personal Access Token','[]',1,'2020-11-14 13:05:08','2020-11-14 13:05:08','2021-11-14 18:35:08'),('56dae251fc9abe91d6a37128f5ac1ada0520d976b965ae37b2174c3709f0f8cafabc5562637ce240',2,1,'Personal Access Token','[]',0,'2020-11-15 13:05:27','2020-11-15 13:05:27','2021-11-15 18:35:27'),('58585a618862e3d0df3d8fc417b0bdec7043c687a9496e7252c8a3731aa4b55461920a62ed372454',3,1,'Personal Access Token','[]',1,'2020-11-15 12:21:04','2020-11-15 12:21:04','2021-11-15 17:51:04'),('58be995ef92d3e2241a00249af50d2368418572200bd8375d654fdd4366766863f81e0f73e3e97e1',3,1,'Personal Access Token','[]',1,'2020-11-16 06:32:41','2020-11-16 06:32:41','2021-11-16 12:02:41'),('596b24cc1721b915b7e7f0e30476afce2c9b06a31b72bac12abfe3c9aa0f9674d5b15ed75739e721',3,1,'Personal Access Token','[]',0,'2020-11-15 13:40:17','2020-11-15 13:40:17','2021-11-15 19:10:17'),('5be55852e7c2d3261e6b9f655c4a759203bad02734ce59c180a576160da1453284ad27a1fdeb2341',1,1,'Personal Access Token','[]',1,'2020-11-14 12:28:39','2020-11-14 12:28:39','2021-11-14 17:58:39'),('5c54526d27e44dfa846f85402f25f4d4a2d055aa3af680feb962ac180a3c66c2854f28020d1a811c',2,1,'Personal Access Token','[]',1,'2020-11-15 12:23:03','2020-11-15 12:23:03','2021-11-15 17:53:03'),('5cc87f8df884ce4167430f784956161566b6b96346f966e4db5b86716b094c4c88b5e7ffbf9752e8',3,1,'Personal Access Token','[]',1,'2020-11-12 12:29:57','2020-11-12 12:29:57','2021-11-12 17:59:57'),('5d6f9fa52d78a8f3e01077ddc4312b7e4028218e7dfb73b963abfa01564bdfb8c5ff9f44037997ee',1,1,'Personal Access Token','[]',0,'2020-12-02 12:19:06','2020-12-02 12:19:06','2021-12-02 17:49:06'),('647d7e8726fec098f9a1f63c9e6bab9280899cc162b3bcceb8d7c5577a5bb5bee8d55f61f0c418d1',2,1,'Personal Access Token','[]',0,'2020-10-16 09:07:45','2020-10-16 09:07:45','2021-10-16 14:37:45'),('66b7b22c0d44fbb0e951a36ef8e09d236de2fb0fd37356792a1fa60742589d9bc97deed744c94fdd',4,1,'Personal Access Token','[]',0,'2020-11-16 06:33:10','2020-11-16 06:33:10','2021-11-16 12:03:10'),('6e0dd3a594183991f7dd7ac632392fa10d5a12ac8aeeaec48767cf19a905df6f53d983c9c4becb30',4,1,'Personal Access Token','[]',1,'2020-11-12 12:17:04','2020-11-12 12:17:04','2021-11-12 17:47:04'),('6eef398c16c7d1c88431951b0ad2d905e43a8674f8c05c65ab40bf7e03bf029fc7a1e586bb6b7f06',2,1,'Personal Access Token','[]',0,'2020-10-11 09:18:15','2020-10-11 09:18:15','2021-10-11 14:48:15'),('6fa28062180eb07bc397c8ba35ba6e1aadf3fe84febd16c11c78463dd6db3c9d285b8ce6c41a84ba',2,1,'Personal Access Token','[]',0,'2020-10-12 12:20:01','2020-10-12 12:20:01','2021-10-12 17:50:01'),('6fbc583d357fae6ebbdf0e5d930a6a585e862bf4bbadd6b7d3587956c95dc5d9a50b66e86026fe98',1,1,'Personal Access Token','[]',1,'2020-11-14 12:41:46','2020-11-14 12:41:46','2021-11-14 18:11:46'),('7138c1cc7d0c20b649ef81107ff57748f745a2746999a95125d1ce9a28b4551b23227223f27e78fe',1,1,'Personal Access Token','[]',0,'2020-11-15 12:25:29','2020-11-15 12:25:29','2021-11-15 17:55:29'),('731749efef3ec7717606c692ebd0d67f837b5388c9dc8a736d58751fe48c70345a385b9a4ed13acf',2,1,'Personal Access Token','[]',1,'2020-11-14 10:58:06','2020-11-14 10:58:06','2021-11-14 16:28:06'),('78dfcbb66b3bf289bca987aced5b6ac74e770f3c7f52193dba6ad4319c0b58cdda7a843a9d47d725',1,1,'Personal Access Token','[]',1,'2020-11-14 12:03:53','2020-11-14 12:03:53','2021-11-14 17:33:53'),('7910db2147c130703f9abc030a6b0e73ef84b682e27be4feda20c5a1b8130bd885fff896ee807343',1,1,'Personal Access Token','[]',0,'2020-10-01 10:46:53','2020-10-01 10:46:53','2021-10-01 16:16:53'),('7d4bf221051ff3d788e7a38f962d9da6cd67de81994e024d274f32ec3974fc190317b62be8d9392a',4,1,'Personal Access Token','[]',1,'2020-11-15 11:28:07','2020-11-15 11:28:07','2021-11-15 16:58:07'),('7d856184e48f69252fb18f66e42b865154677848af236afb327c8bed517e11478eb7b51a3664ed1d',2,1,'Personal Access Token','[]',0,'2020-10-29 04:01:50','2020-10-29 04:01:50','2021-10-29 09:31:50'),('7e3b58de240568364b1c3a09ad8105566a947b48cad0379ac9031a9a4726b969316f098cee6d0cbf',3,1,'Personal Access Token','[]',0,'2020-10-29 04:00:56','2020-10-29 04:00:56','2021-10-29 09:30:56'),('7fbb347329693ab48102a01bdc0557d05a0029ce1a31cbc6b3f443b3cae53a7cb26249a51b4d96eb',1,1,'Personal Access Token','[]',0,'2020-10-16 08:10:34','2020-10-16 08:10:34','2021-10-16 13:40:34'),('836fb3868ee10ef6bb7e4805ecfea9de12c43bed53f0999094e1b9283404e20ad94d14400aab5a83',2,1,'Personal Access Token','[]',0,'2020-09-06 02:46:55','2020-09-06 02:46:55','2021-09-06 08:16:55'),('840f739c544f03ef20d7f807f64603d0f56afd193da20c81c76cc105c7334d06cc54384534f75c6a',1,1,'Personal Access Token','[]',0,'2020-10-22 10:55:06','2020-10-22 10:55:06','2021-10-22 16:25:06'),('85205570884b5befa740ce3d5cf2c32566d006afa57246e1dde72b31b1cf079e9c158aa8d0f63748',5,1,'Personal Access Token','[]',1,'2020-11-14 12:41:59','2020-11-14 12:41:59','2021-11-14 18:11:59'),('86c271e3131c1b5f3096d6b6ddaaf11752637f8e893960484123ad3db2c17aa28dbf501f1492d79f',1,1,'Personal Access Token','[]',1,'2020-11-17 06:39:00','2020-11-17 06:39:00','2021-11-17 12:09:00'),('8716990501c2cec2fda188ebdf3415988aa6dc4601eaa4cca1c8af31258ad73072f12c426e2353cf',2,1,'Personal Access Token','[]',0,'2020-11-15 13:13:09','2020-11-15 13:13:09','2021-11-15 18:43:09'),('883fe402e6ac3645e8d60414ab01d4db08363795b9a86cec3c92886ccbdae153941f60f0f5b597a7',1,1,'Personal Access Token','[]',0,'2020-09-09 04:58:02','2020-09-09 04:58:02','2021-09-09 10:28:02'),('89dde4c3759961eea5a8288fc59400e658b9e865122622c718fe3bbdb31267043b64bc98e10ce363',1,1,'Personal Access Token','[]',1,'2020-11-08 04:16:58','2020-11-08 04:16:58','2021-11-08 09:46:58'),('9336d87aee57a4ea100f29abb37591c5b1ceaa63f5924047d187a62dc52d15e93787cf4df916f355',1,1,'Personal Access Token','[]',0,'2020-11-20 10:40:19','2020-11-20 10:40:19','2021-11-20 16:10:19'),('93e89605d4e7b96dee9ad58a9ff46e978dba572e59a9c879e9b3d638a92163bae69fa58eaf8f3ca0',1,1,'Personal Access Token','[]',1,'2020-11-12 12:16:10','2020-11-12 12:16:10','2021-11-12 17:46:10'),('975d2983b862cf3d02a18dc2d6764c1797755f1c96510bde859722bfa6e3ca58a5dbf8e481bed8a8',1,1,'Personal Access Token','[]',0,'2020-12-05 12:31:49','2020-12-05 12:31:49','2021-12-05 18:01:49'),('9a1e5f53d2f78132896b521b14edf46f344f21bd49f23eb9e1a761825b46a000783506cd6776fea3',2,1,'Personal Access Token','[]',1,'2020-11-26 03:19:04','2020-11-26 03:19:04','2021-11-26 08:49:04'),('9b24313f04efe498d8c8d7656830e2d2b17ba793019c94f1e127621e477cbc3452e93decf29031bb',1,1,'Personal Access Token','[]',1,'2020-11-15 12:13:42','2020-11-15 12:13:42','2021-11-15 17:43:42'),('9d41eba701ad0c38b470867b16e276e3653fe45c6bfc11d9ad222e359610f00dfa4284cecfe96215',4,1,'Personal Access Token','[]',0,'2020-11-15 12:21:24','2020-11-15 12:21:24','2021-11-15 17:51:24'),('a07fedc76cfda81be0c3755b7d1411a52b70fb089e63f86b5052103182d8b3b0f118f57c5e6d42b7',2,1,'Personal Access Token','[]',0,'2020-10-07 05:52:37','2020-10-07 05:52:37','2021-10-07 11:22:37'),('a252c6b929eba193b414bec17e6a10d9823f7f3e5d2dbf954908ea2de1ea3a12a8fbc6f2614fc8b6',2,1,'Personal Access Token','[]',0,'2020-10-07 05:52:36','2020-10-07 05:52:36','2021-10-07 11:22:36'),('a3065777058398a29278ed60dea989123608b6b74089d70eca0c20236bdead6fd04fb41e4bf3b531',1,1,'Personal Access Token','[]',1,'2020-11-15 11:29:24','2020-11-15 11:29:24','2021-11-15 16:59:24'),('a4f23e56459ce1b6ccea33ec0c0fe976be4f27e65ff300ecb40c708ddb83c80e860306cc39fbd732',1,1,'Personal Access Token','[]',0,'2020-09-17 07:54:44','2020-09-17 07:54:44','2021-09-17 13:24:44'),('a56002bed611f6462c451b1e5db23c0506e6d04f2d1894e86c5b77a5cdac7231e5c0d3a2e0a5b0c7',1,1,'Personal Access Token','[]',1,'2020-12-08 05:21:23','2020-12-08 05:21:23','2021-12-08 10:51:23'),('ab08e3e5a9181a9d42ee404bab29546db1e51d23efbea21baa432eb3ee25704c1b7afcdf1bb50669',3,1,'Personal Access Token','[]',1,'2020-11-16 06:28:45','2020-11-16 06:28:45','2021-11-16 11:58:45'),('aba0051f73657f693dbf5099f1f018d163dd370473ff37298ae713496c9fa8abeeb72206d54c9cbe',1,1,'Personal Access Token','[]',0,'2020-10-07 05:52:14','2020-10-07 05:52:14','2021-10-07 11:22:14'),('ac469f408f208bb070f7a500b11bc3a6ffea19f08257a0965c0eec629b11e3bbacbf5b5ae216f0f7',2,1,'Personal Access Token','[]',0,'2020-10-18 06:05:31','2020-10-18 06:05:31','2021-10-18 11:35:31'),('aca17e501140925d4f4b15d9f5d90e954afb5ea7475d3241fd4b879b1934db9b27ff2fb11cfb3262',1,1,'Personal Access Token','[]',0,'2020-10-13 09:27:21','2020-10-13 09:27:21','2021-10-13 14:57:21'),('accd20396da1ec56ca27466994f186af55c58646d2fb7553ca9c31c541050358b75582fbfa86f2e6',2,1,'Personal Access Token','[]',0,'2020-10-30 12:01:32','2020-10-30 12:01:32','2021-10-30 17:31:32'),('ad1fda81de72f0593af769b7a3ecdb82a4aa296c705205a24371d52c72d1d6bc9303aaac5711f1dd',1,1,'Personal Access Token','[]',0,'2020-10-10 03:44:17','2020-10-10 03:44:17','2021-10-10 09:14:17'),('ae0c060f32d31780ca98212078914b6513503fd7d2108c6b6761748d4ce6a65a1d92f08bab4cc86c',1,1,'Personal Access Token','[]',0,'2020-09-09 01:03:47','2020-09-09 01:03:47','2021-09-09 06:33:47'),('af2ca35b17abf61aaf65af2f769e42d39e2ba676ce31aa60da17db40a0f14206bc18546af4717876',5,1,'Personal Access Token','[]',1,'2020-11-12 12:28:55','2020-11-12 12:28:55','2021-11-12 17:58:55'),('af308c7fb891c854ccf1a42b0995953e4e344c0f87e59fbd345d5a4fd6f3774ae7d828d42a56c264',3,1,'Personal Access Token','[]',0,'2020-10-10 11:04:43','2020-10-10 11:04:43','2021-10-10 16:34:43'),('b00dc72b53440dfd56e8f0b2522ab60b602a0b5f111722376c6d1a895d0494fab5018818982fb8c2',2,1,'Personal Access Token','[]',1,'2020-11-14 12:37:53','2020-11-14 12:37:53','2021-11-14 18:07:53'),('b30cf25aacd1d39c9822c46acc4ea4c0e0ced8181ab287064fe61f917b42ed4138a9193fea579f61',2,1,'Personal Access Token','[]',0,'2020-10-10 03:44:30','2020-10-10 03:44:30','2021-10-10 09:14:30'),('b44d8ef8cea8b0afeead0e558c21129da9da5cc9df91703ee028e3e760e2d7842f8ed7609d05b6bf',2,1,'Personal Access Token','[]',0,'2020-09-09 00:04:49','2020-09-09 00:04:49','2021-09-09 05:34:49'),('b512817a6e9cd3d244dc470932d19901529baaa29ee00caee00b1cd38c72b32028d4b6c74ca8578f',1,1,'Personal Access Token','[]',0,'2020-10-01 10:46:53','2020-10-01 10:46:53','2021-10-01 16:16:53'),('b557b852f2db23762e0fc1936b01c6962ac0f091f8c4404b3a7204e801db7ede6e9df6e18faf807a',1,1,'Personal Access Token','[]',1,'2020-11-14 13:09:22','2020-11-14 13:09:22','2021-11-14 18:39:22'),('b85357bd8c1809eb7e85ea94f7d11bf024068a58a2f04ffb3d199a4937103d7f475914946434f648',1,1,'Personal Access Token','[]',1,'2020-11-14 12:53:26','2020-11-14 12:53:26','2021-11-14 18:23:26'),('b9b8584f01b279c550f7fa86d4ac05e33a2162dd0cabbc09fdcf772c2ec4b4492cf9bb3e461b1a00',1,1,'Personal Access Token','[]',1,'2020-11-15 12:14:27','2020-11-15 12:14:27','2021-11-15 17:44:27'),('b9da34bd6183ab29fce839e75a950a4259cf9ec7d4fe9b58a32f57bfd25b3c5741bb89ccd75893a6',1,1,'Personal Access Token','[]',0,'2020-12-05 11:12:33','2020-12-05 11:12:33','2021-12-05 16:42:33'),('bbce1bdb339a7f24bbebc3860fa1502af2352e4614f75f399f3d6fc96d8614550d349288630d90f8',1,1,'Personal Access Token','[]',1,'2020-10-27 05:18:50','2020-10-27 05:18:50','2021-10-27 10:48:50'),('bf184ea6b39767cf135e0e392d3f2c1a04e2a716745e0c2d3af83defd64368dfc3023b292917e7bc',3,1,'Personal Access Token','[]',1,'2020-11-16 06:26:17','2020-11-16 06:26:17','2021-11-16 11:56:17'),('bf21adaedde39e2f478e98d5233f076bc312a05a35abed02c8577fd4d6786f5df4f3dda7c46102ed',2,1,'Personal Access Token','[]',1,'2020-11-14 12:50:34','2020-11-14 12:50:34','2021-11-14 18:20:34'),('c1cf0b6422a47b61f0e9d38cc8685194a1423e21d5acd029d4af47e0c10d90613f674c515f34b547',1,1,'Personal Access Token','[]',1,'2020-11-15 12:12:01','2020-11-15 12:12:01','2021-11-15 17:42:01'),('c8800851cf4026e6b46e821083de8ab338eeae3991e3e470387c91fe880a45e28262ab21675dd1bf',1,1,'Personal Access Token','[]',0,'2020-11-29 11:59:20','2020-11-29 11:59:20','2021-11-29 17:29:20'),('c9e558ce96389f5b9f276157ba16c70d487880870e6c77190adf1990d4f2d366e548aaa2ce1c7e2f',2,1,'Personal Access Token','[]',0,'2020-10-10 12:55:41','2020-10-10 12:55:41','2021-10-10 18:25:41'),('cb1c5a2ebd097f48a342ccd406482fd2ff448d894ff2529d02458914d61afc90be0d06151c90dd33',2,1,'Personal Access Token','[]',0,'2020-11-26 13:48:07','2020-11-26 13:48:07','2021-11-26 19:18:07'),('cbfc3d74d52b85656243dd7d6685c6bd679ee71cd87cb4c75c74cfe9092eff144b0a6b007e5c0784',3,1,'Personal Access Token','[]',1,'2020-11-16 06:31:42','2020-11-16 06:31:42','2021-11-16 12:01:42'),('cda494482f43a7ba96a3ea9bd1271c41e61deec28d9a66e7ba08dde21c9b4f08bfcee1eb49452025',2,1,'Personal Access Token','[]',0,'2020-11-22 09:14:45','2020-11-22 09:14:45','2021-11-22 14:44:45'),('ce2202cd153c2ea6fc98f2168933d84dc30f3a226daaa5d8ba81d0bf61636c33ab2dc7c2a4fd2838',2,1,'Personal Access Token','[]',0,'2020-11-25 12:32:41','2020-11-25 12:32:41','2021-11-25 18:02:41'),('cf1ad034d667b61b8a7b65b07232e7d63664c22528e45f4de9494d05ccb976d38e9ad894a58ce1f6',2,1,'Personal Access Token','[]',0,'2020-11-26 02:24:56','2020-11-26 02:24:56','2021-11-26 07:54:56'),('d0589c7d37efed2999f724417199f368298b9de0cbbdee4aa23d85e38b34a7b04d8c96c7e52746f2',2,1,'Personal Access Token','[]',0,'2020-10-09 10:39:08','2020-10-09 10:39:08','2021-10-09 16:09:08'),('d08a6750a1152497ebffdfd895ec3711f1f427db9f7f76692a71860794997380d891b556229f951c',2,1,'Personal Access Token','[]',1,'2020-11-15 13:10:46','2020-11-15 13:10:46','2021-11-15 18:40:46'),('d15376d40f79f1c8a651693dbd3e688793ffc7b77e578c322eba748b09e7d7936e22508c861f6cfd',1,1,'Personal Access Token','[]',1,'2020-11-14 12:37:38','2020-11-14 12:37:38','2021-11-14 18:07:38'),('d29a0bf318795ebf3ef8deae72e3f0b04fa1a6c9fd41c0dde755a9297965d5e881cdb179bd69377e',4,1,'Personal Access Token','[]',0,'2020-10-12 12:16:09','2020-10-12 12:16:09','2021-10-12 17:46:09'),('d2e89aa362e84e4b253e0eb66eeb652532702cf1a017ab6fcee05ad112f2a7f9c7b10c5fdcba04be',2,1,'Personal Access Token','[]',1,'2020-11-12 12:38:37','2020-11-12 12:38:37','2021-11-12 18:08:37'),('d3e02e823f676c04d36a70a8f42e46af757f3404fd2218eebefb03b35efbbc2580c4d07d67047b36',3,1,'Personal Access Token','[]',0,'2020-11-08 03:36:59','2020-11-08 03:36:59','2021-11-08 09:06:59'),('d48808b8ffee8a22e90d0492b0224e27721cc82cacd3077c4aec81c261cdc0dda67f5d690ab63af0',1,1,'Personal Access Token','[]',1,'2020-11-15 11:31:01','2020-11-15 11:31:01','2021-11-15 17:01:01'),('d76492b41d05c72054a52432d07034f9f2d573adda1576e63b92cee3264edeb8af33be3bd90adc09',1,1,'Personal Access Token','[]',1,'2020-11-14 12:36:39','2020-11-14 12:36:39','2021-11-14 18:06:39'),('d88090d413a779386ba327821624551de41d56ed5e598ca9eefc0bf04ece9a19565a3acf4c2abcb1',2,1,'Personal Access Token','[]',0,'2020-09-09 04:56:32','2020-09-09 04:56:32','2021-09-09 10:26:32'),('dc21f7961119e81c90484328f922f80d3cfba4e1ffb9fc7cbcf254302a93dc2c1577cdab56eae486',2,1,'Personal Access Token','[]',0,'2020-11-15 12:16:55','2020-11-15 12:16:55','2021-11-15 17:46:55'),('ddc17ac8607e5185a2ceea701d0efc26443b17b51e625cf168f7f738fd4b32db0fca01279a43963e',1,1,'Personal Access Token','[]',0,'2020-11-14 13:14:29','2020-11-14 13:14:29','2021-11-14 18:44:29'),('defe24af35cbb613ba7e3fc795ffcb80481075b5f5fddefdbb4722379bbb9741b78fb8d28d8a224b',1,1,'Personal Access Token','[]',1,'2020-10-29 06:11:25','2020-10-29 06:11:25','2021-10-29 11:41:25'),('df1f787c4e2fcef4ad55a9cfc0bb0caea84746b6b77b65c4f4304702d4558987162e628e2505e6bd',4,1,'Personal Access Token','[]',0,'2020-11-15 13:23:18','2020-11-15 13:23:18','2021-11-15 18:53:18'),('df20b6fbeed25ba037ef4a2ca56a7a118ff4cffd1e9b68cecd679a4aee0da0ea36c85c560788caea',2,1,'Personal Access Token','[]',1,'2020-11-15 12:15:49','2020-11-15 12:15:49','2021-11-15 17:45:49'),('e073dd3d8dc8b9f84c94b6c520c84cdced3e70ef05066718e535c337baebc9b7a074b93901426d16',1,1,'Personal Access Token','[]',1,'2020-11-14 12:30:40','2020-11-14 12:30:40','2021-11-14 18:00:40'),('e0d7ebfda194f819abdc92e25b91ec2155c6ce602c56bb1964b4f79e0a8189573fb674e30d084a58',4,1,'Personal Access Token','[]',0,'2020-10-17 07:23:17','2020-10-17 07:23:17','2021-10-17 12:53:17'),('e3fbd627c5b95f0c2e36d336880eb21f14b58f60471d4107d21b5ce30e4ab56123f97cabeb5650f8',4,1,'Personal Access Token','[]',0,'2020-11-16 06:31:45','2020-11-16 06:31:45','2021-11-16 12:01:45'),('e62e8ff4d9c04681883e536f643959bc0d8983a75a8114028ac084578f72e6b8d2f62934e7baf7b4',2,1,'Personal Access Token','[]',1,'2020-11-12 12:15:40','2020-11-12 12:15:40','2021-11-12 17:45:40'),('e6606b77b98f0052062c33eeca339247ea60d4b2de8ca2aceca71c03d0e10bf769748cf3bcfbb88f',1,1,'Personal Access Token','[]',0,'2020-09-17 07:54:44','2020-09-17 07:54:44','2021-09-17 13:24:44'),('e8fd403f60780a31381a573b9e53f4fd6d8e91a2a5ee0d4fe1f029134faf95ee334d4d8ca3a64923',4,1,'Personal Access Token','[]',0,'2020-11-15 13:21:00','2020-11-15 13:21:00','2021-11-15 18:51:00'),('ec535c402f7dfdd89d60317b742d381b3ee2333fb10b839d723a983a244d392912f7aef3b0243e4e',3,1,'Personal Access Token','[]',0,'2020-10-12 12:28:03','2020-10-12 12:28:03','2021-10-12 17:58:03'),('ed98fe04b6eea106b2bc33eb0dffc3fbd3b07367d217e5028bc23cb0c5e4517a917c7d5fb0160082',1,1,'Personal Access Token','[]',1,'2020-11-14 12:27:43','2020-11-14 12:27:43','2021-11-14 17:57:43'),('efc9d8262d23385837462dfb488b6e1a0ba55c0463cb14ac7eb48b2dacd5b67563183fc913f8cc42',5,1,'Personal Access Token','[]',0,'2020-10-15 05:14:21','2020-10-15 05:14:21','2021-10-15 10:44:21'),('f5a86b943884d0aab120e27a40748b228092080a9634035584bcdfcc3ac3721b916f4fc49ea8aea7',2,1,'Personal Access Token','[]',1,'2020-11-15 12:24:34','2020-11-15 12:24:34','2021-11-15 17:54:34'),('faac4bc59f78e68e55b0c6b80b14fe7bc6e0736dcd2209bafcf75dc95c555cde6229f5d04ff907a5',2,1,'Personal Access Token','[]',0,'2020-11-08 04:41:22','2020-11-08 04:41:22','2021-11-08 10:11:22'),('fab5098004624b808e7b7eaea39d98cc154abb021268ef727712e2241fe7e9981eb39db5709354be',1,1,'Personal Access Token','[]',1,'2020-11-15 12:15:14','2020-11-15 12:15:14','2021-11-15 17:45:14'),('fb539bd036beed7f77f344aab0acd8b800cc07fd5b221b54c1b11f2968a8b683eab4c3f2940f27a0',3,1,'Personal Access Token','[]',0,'2020-10-19 07:20:34','2020-10-19 07:20:34','2021-10-19 12:50:34'),('fc084a1aaf018c2cec4f7c92e16f0bafe5c1411ff9adc04ede87511db2db4d6bf6bc382b1a98c412',2,1,'Personal Access Token','[]',0,'2020-11-20 12:22:38','2020-11-20 12:22:38','2021-11-20 17:52:38'),('fc4e5a07603d5a83d9d51092f11ce18b55e0d329e71d085fe669ec3beb46354795766cbb7bc498ee',2,1,'Personal Access Token','[]',1,'2020-11-15 13:09:53','2020-11-15 13:09:53','2021-11-15 18:39:53'),('fcd1db395f99785443c90ee947b87e29d9d34462ee006e349a13dfc3b923dba37c66a7b895ae242e',1,1,'Personal Access Token','[]',1,'2020-12-14 08:22:10','2020-12-14 08:22:10','2021-12-14 13:52:10'),('fe7864597404ec7531d7eb07570d68be4c3532fd5b3b755ebf031446ee1444ff2402a4dcf0b43cb0',1,1,'Personal Access Token','[]',0,'2020-09-09 07:51:56','2020-09-09 07:51:56','2021-09-09 13:21:56');
/*!40000 ALTER TABLE `oauth_access_tokens` ENABLE KEYS */;
UNLOCK TABLES;

--
-- Table structure for table `oauth_auth_codes`
--

DROP TABLE IF EXISTS `oauth_auth_codes`;
/*!40101 SET @saved_cs_client     = @@character_set_client */;
/*!40101 SET character_set_client = utf8 */;
CREATE TABLE `oauth_auth_codes` (
  `id` varchar(100) COLLATE utf8mb4_unicode_ci NOT NULL,
  `user_id` bigint(20) unsigned NOT NULL,
  `client_id` bigint(20) unsigned NOT NULL,
  `scopes` text COLLATE utf8mb4_unicode_ci,
  `revoked` tinyint(1) NOT NULL,
  `expires_at` datetime DEFAULT NULL,
  PRIMARY KEY (`id`),
  KEY `oauth_auth_codes_user_id_index` (`user_id`)
) ENGINE=InnoDB DEFAULT CHARSET=utf8mb4 COLLATE=utf8mb4_unicode_ci;
/*!40101 SET character_set_client = @saved_cs_client */;

--
-- Dumping data for table `oauth_auth_codes`
--

LOCK TABLES `oauth_auth_codes` WRITE;
/*!40000 ALTER TABLE `oauth_auth_codes` DISABLE KEYS */;
/*!40000 ALTER TABLE `oauth_auth_codes` ENABLE KEYS */;
UNLOCK TABLES;

--
-- Table structure for table `oauth_clients`
--

DROP TABLE IF EXISTS `oauth_clients`;
/*!40101 SET @saved_cs_client     = @@character_set_client */;
/*!40101 SET character_set_client = utf8 */;
CREATE TABLE `oauth_clients` (
  `id` bigint(20) unsigned NOT NULL AUTO_INCREMENT,
  `user_id` bigint(20) unsigned DEFAULT NULL,
  `name` varchar(255) COLLATE utf8mb4_unicode_ci NOT NULL,
  `secret` varchar(100) COLLATE utf8mb4_unicode_ci DEFAULT NULL,
  `provider` varchar(255) COLLATE utf8mb4_unicode_ci DEFAULT NULL,
  `redirect` text COLLATE utf8mb4_unicode_ci NOT NULL,
  `personal_access_client` tinyint(1) NOT NULL,
  `password_client` tinyint(1) NOT NULL,
  `revoked` tinyint(1) NOT NULL,
  `created_at` timestamp NULL DEFAULT NULL,
  `updated_at` timestamp NULL DEFAULT NULL,
  PRIMARY KEY (`id`),
  KEY `oauth_clients_user_id_index` (`user_id`)
) ENGINE=InnoDB AUTO_INCREMENT=3 DEFAULT CHARSET=utf8mb4 COLLATE=utf8mb4_unicode_ci;
/*!40101 SET character_set_client = @saved_cs_client */;

--
-- Dumping data for table `oauth_clients`
--

LOCK TABLES `oauth_clients` WRITE;
/*!40000 ALTER TABLE `oauth_clients` DISABLE KEYS */;
INSERT INTO `oauth_clients` VALUES (1,NULL,'Laravel React Chat Personal Access Client','lIgT6kKskdad5OmKY2vkyhbpzjceXlcc4OEnxfXL',NULL,'http://localhost',1,0,0,'2020-09-06 02:45:35','2020-09-06 02:45:35'),(2,NULL,'Laravel React Chat Password Grant Client','P7MQIt6QIXRtaMdrS6VtyD3KUEJVM5knLRrciKQq','users','http://localhost',0,1,0,'2020-09-06 02:45:35','2020-09-06 02:45:35');
/*!40000 ALTER TABLE `oauth_clients` ENABLE KEYS */;
UNLOCK TABLES;

--
-- Table structure for table `oauth_personal_access_clients`
--

DROP TABLE IF EXISTS `oauth_personal_access_clients`;
/*!40101 SET @saved_cs_client     = @@character_set_client */;
/*!40101 SET character_set_client = utf8 */;
CREATE TABLE `oauth_personal_access_clients` (
  `id` bigint(20) unsigned NOT NULL AUTO_INCREMENT,
  `client_id` bigint(20) unsigned NOT NULL,
  `created_at` timestamp NULL DEFAULT NULL,
  `updated_at` timestamp NULL DEFAULT NULL,
  PRIMARY KEY (`id`)
) ENGINE=InnoDB AUTO_INCREMENT=2 DEFAULT CHARSET=utf8mb4 COLLATE=utf8mb4_unicode_ci;
/*!40101 SET character_set_client = @saved_cs_client */;

--
-- Dumping data for table `oauth_personal_access_clients`
--

LOCK TABLES `oauth_personal_access_clients` WRITE;
/*!40000 ALTER TABLE `oauth_personal_access_clients` DISABLE KEYS */;
INSERT INTO `oauth_personal_access_clients` VALUES (1,1,'2020-09-06 02:45:35','2020-09-06 02:45:35');
/*!40000 ALTER TABLE `oauth_personal_access_clients` ENABLE KEYS */;
UNLOCK TABLES;

--
-- Table structure for table `oauth_refresh_tokens`
--

DROP TABLE IF EXISTS `oauth_refresh_tokens`;
/*!40101 SET @saved_cs_client     = @@character_set_client */;
/*!40101 SET character_set_client = utf8 */;
CREATE TABLE `oauth_refresh_tokens` (
  `id` varchar(100) COLLATE utf8mb4_unicode_ci NOT NULL,
  `access_token_id` varchar(100) COLLATE utf8mb4_unicode_ci NOT NULL,
  `revoked` tinyint(1) NOT NULL,
  `expires_at` datetime DEFAULT NULL,
  PRIMARY KEY (`id`)
) ENGINE=InnoDB DEFAULT CHARSET=utf8mb4 COLLATE=utf8mb4_unicode_ci;
/*!40101 SET character_set_client = @saved_cs_client */;

--
-- Dumping data for table `oauth_refresh_tokens`
--

LOCK TABLES `oauth_refresh_tokens` WRITE;
/*!40000 ALTER TABLE `oauth_refresh_tokens` DISABLE KEYS */;
/*!40000 ALTER TABLE `oauth_refresh_tokens` ENABLE KEYS */;
UNLOCK TABLES;

--
-- Table structure for table `password_resets`
--

DROP TABLE IF EXISTS `password_resets`;
/*!40101 SET @saved_cs_client     = @@character_set_client */;
/*!40101 SET character_set_client = utf8 */;
CREATE TABLE `password_resets` (
  `email` varchar(255) COLLATE utf8mb4_unicode_ci NOT NULL,
  `token` varchar(255) COLLATE utf8mb4_unicode_ci NOT NULL,
  `created_at` timestamp NULL DEFAULT NULL,
  KEY `password_resets_email_index` (`email`)
) ENGINE=InnoDB DEFAULT CHARSET=utf8mb4 COLLATE=utf8mb4_unicode_ci;
/*!40101 SET character_set_client = @saved_cs_client */;

--
-- Dumping data for table `password_resets`
--

LOCK TABLES `password_resets` WRITE;
/*!40000 ALTER TABLE `password_resets` DISABLE KEYS */;
/*!40000 ALTER TABLE `password_resets` ENABLE KEYS */;
UNLOCK TABLES;

--
-- Table structure for table `user_channel`
--

DROP TABLE IF EXISTS `user_channel`;
/*!40101 SET @saved_cs_client     = @@character_set_client */;
/*!40101 SET character_set_client = utf8 */;
CREATE TABLE `user_channel` (
  `user_id` bigint(20) unsigned NOT NULL,
  `channel_id` bigint(20) unsigned NOT NULL,
  `created_at` timestamp NULL DEFAULT NULL,
  `updated_at` timestamp NULL DEFAULT NULL,
  KEY `user_channel_user_id_foreign` (`user_id`),
  KEY `user_channel_channel_id_foreign` (`channel_id`),
  CONSTRAINT `user_channel_channel_id_foreign` FOREIGN KEY (`channel_id`) REFERENCES `channels` (`id`),
  CONSTRAINT `user_channel_user_id_foreign` FOREIGN KEY (`user_id`) REFERENCES `users` (`id`)
) ENGINE=InnoDB DEFAULT CHARSET=utf8mb4 COLLATE=utf8mb4_unicode_ci;
/*!40101 SET character_set_client = @saved_cs_client */;

--
-- Dumping data for table `user_channel`
--

LOCK TABLES `user_channel` WRITE;
/*!40000 ALTER TABLE `user_channel` DISABLE KEYS */;
INSERT INTO `user_channel` VALUES (2,1,'2020-09-06 02:47:20','2020-09-06 02:47:20'),(2,2,'2020-09-06 02:48:37','2020-09-06 02:48:37'),(2,3,'2020-09-06 02:52:48','2020-09-06 02:52:48'),(2,4,'2020-09-06 02:54:18','2020-09-06 02:54:18'),(2,5,'2020-09-06 08:30:39','2020-09-06 08:30:39'),(2,6,'2020-09-06 08:31:33','2020-09-06 08:31:33'),(2,7,'2020-09-06 08:33:41','2020-09-06 08:33:41'),(1,8,'2020-09-09 04:58:21','2020-09-09 04:58:21'),(2,8,'2020-09-09 04:58:21','2020-09-09 04:58:21'),(1,5,'2020-09-09 00:29:42','2020-09-09 00:29:42'),(1,7,'2020-09-09 00:57:46','2020-09-09 00:57:46'),(1,9,'2020-10-10 11:13:30','2020-10-10 11:13:30'),(2,9,'2020-10-10 11:13:30','2020-10-10 11:13:30'),(1,11,'2020-10-10 11:17:08','2020-10-10 11:17:08'),(2,11,'2020-10-10 11:17:08','2020-10-10 11:17:08'),(3,12,'2020-10-11 09:16:24','2020-10-11 09:16:24'),(1,12,'2020-10-11 09:16:24','2020-10-11 09:16:24'),(2,13,'2020-10-11 09:18:41','2020-10-11 09:18:41'),(3,13,'2020-10-11 09:18:41','2020-10-11 09:18:41'),(4,14,'2020-10-12 12:16:24','2020-10-12 12:16:24'),(1,14,'2020-10-12 12:16:24','2020-10-12 12:16:24'),(4,15,'2020-10-12 12:21:09','2020-10-12 12:21:09'),(2,15,'2020-10-12 12:21:09','2020-10-12 12:21:09'),(4,16,'2020-10-12 12:28:29','2020-10-12 12:28:29'),(3,16,'2020-10-12 12:28:29','2020-10-12 12:28:29'),(5,17,'2020-10-15 05:15:47','2020-10-15 05:15:47'),(1,17,'2020-10-15 05:15:47','2020-10-15 05:15:47'),(3,18,'2020-10-24 05:46:29','2020-10-24 05:46:29'),(1,18,'2020-10-27 06:25:37','2020-10-27 06:25:37'),(2,19,'2020-10-29 03:31:09','2020-10-29 03:31:09'),(5,20,'2020-10-29 03:57:32','2020-10-29 03:57:32'),(2,20,'2020-10-29 03:57:32','2020-10-29 03:57:32'),(5,21,'2020-10-29 04:01:30','2020-10-29 04:01:30'),(3,21,'2020-10-29 04:01:30','2020-10-29 04:01:30'),(5,19,'2020-10-29 06:06:31','2020-10-29 06:06:31'),(1,19,'2020-10-29 06:12:48','2020-10-29 06:12:48'),(1,19,'2020-10-29 06:15:43','2020-10-29 06:15:43'),(1,19,'2020-10-29 06:20:50','2020-10-29 06:20:50'),(2,18,'2020-11-01 10:43:03','2020-11-01 10:43:03'),(4,6,'2020-11-12 12:24:22','2020-11-12 12:24:22'),(4,6,'2020-11-12 12:28:15','2020-11-12 12:28:15'),(5,5,'2020-11-12 12:30:14','2020-11-12 12:30:14'),(4,5,'2020-11-12 12:33:20','2020-11-12 12:33:20'),(4,18,'2020-11-12 12:36:16','2020-11-12 12:36:16'),(3,19,'2020-11-12 12:39:39','2020-11-12 12:39:39'),(2,18,'2020-11-16 06:26:26','2020-11-16 06:26:26');
/*!40000 ALTER TABLE `user_channel` ENABLE KEYS */;
UNLOCK TABLES;

--
-- Table structure for table `users`
--

DROP TABLE IF EXISTS `users`;
/*!40101 SET @saved_cs_client     = @@character_set_client */;
/*!40101 SET character_set_client = utf8 */;
CREATE TABLE `users` (
  `id` bigint(20) unsigned NOT NULL AUTO_INCREMENT,
  `name` varchar(255) COLLATE utf8mb4_unicode_ci NOT NULL,
  `email` varchar(255) COLLATE utf8mb4_unicode_ci NOT NULL,
  `email_verified_at` timestamp NULL DEFAULT NULL,
  `password` varchar(255) COLLATE utf8mb4_unicode_ci NOT NULL,
  `remember_token` varchar(100) COLLATE utf8mb4_unicode_ci DEFAULT NULL,
  `created_at` timestamp NULL DEFAULT NULL,
  `updated_at` timestamp NULL DEFAULT NULL,
  PRIMARY KEY (`id`),
  UNIQUE KEY `users_email_unique` (`email`)
) ENGINE=InnoDB AUTO_INCREMENT=6 DEFAULT CHARSET=utf8mb4 COLLATE=utf8mb4_unicode_ci;
/*!40101 SET character_set_client = @saved_cs_client */;

--
-- Dumping data for table `users`
--

LOCK TABLES `users` WRITE;
/*!40000 ALTER TABLE `users` DISABLE KEYS */;
INSERT INTO `users` VALUES (1,'Shawn D\'silva','shawn@shawndsilva.com',NULL,'$2y$10$wLtNF/4yiY1K0Dn84FMRhuHsZNeVYP9MCKJ8VCE8MetMPONiJFiRK',NULL,'2020-09-06 02:44:14','2020-09-06 02:44:14'),(2,'Monsoon','monsoon@desperado-llc.com',NULL,'$2y$10$rqrfV6yvN37rLJL2PVerNuTZRmKQOIepgkEE31kfxRFfyzkFnPF9W',NULL,'2020-09-06 02:44:31','2020-09-06 02:44:31'),(3,'Steven Armstrong','senator@desperado-llc.com',NULL,'$2y$10$tXp5eTmWI3xfEhGXp3bNC.69f//198RWGDI3kvgUzJtekotE2nZ0u',NULL,'2020-10-10 11:04:11','2020-10-10 11:04:11'),(4,'Samuel Rodriguez','jetstreamsam@desperado-llc.com',NULL,'$2y$10$kKDFOCfsTdwYgdszBSCDqu2KsnQNU0hdKFcoIqJsS.Sng3e9lvFOC',NULL,'2020-10-12 12:15:51','2020-10-12 12:15:51'),(5,'Sundowner','sundowner@desperado-llc.com',NULL,'$2y$10$.2G3e3V3/8ekTu2nAGPEXuaZSu5o0KGj14NzsulSLz.0RwaO8nlYK',NULL,'2020-10-15 05:13:54','2020-10-15 05:13:54');
/*!40000 ALTER TABLE `users` ENABLE KEYS */;
UNLOCK TABLES;
/*!40103 SET TIME_ZONE=@OLD_TIME_ZONE */;

/*!40101 SET SQL_MODE=@OLD_SQL_MODE */;
/*!40014 SET FOREIGN_KEY_CHECKS=@OLD_FOREIGN_KEY_CHECKS */;
/*!40014 SET UNIQUE_CHECKS=@OLD_UNIQUE_CHECKS */;
/*!40101 SET CHARACTER_SET_CLIENT=@OLD_CHARACTER_SET_CLIENT */;
/*!40101 SET CHARACTER_SET_RESULTS=@OLD_CHARACTER_SET_RESULTS */;
/*!40101 SET COLLATION_CONNECTION=@OLD_COLLATION_CONNECTION */;
/*!40111 SET SQL_NOTES=@OLD_SQL_NOTES */;

-- Dump completed on 2021-01-10 14:14:47
