-- MySQL dump 10.13  Distrib 5.7.29, for Linux (x86_64)
--
-- Host: localhost    Database: react_laravel_websockets
-- ------------------------------------------------------
-- Server version	5.7.29-0ubuntu0.18.04.1

/*!40101 SET @OLD_CHARACTER_SET_CLIENT=@@CHARACTER_SET_CLIENT */;
/*!40101 SET @OLD_CHARACTER_SET_RESULTS=@@CHARACTER_SET_RESULTS */;
/*!40101 SET @OLD_COLLATION_CONNECTION=@@COLLATION_CONNECTION */;
/*!40101 SET NAMES utf8 */;
/*!40103 SET @OLD_TIME_ZONE=@@TIME_ZONE */;
/*!40103 SET TIME_ZONE='+00:00' */;
/*!40014 SET @OLD_UNIQUE_CHECKS=@@UNIQUE_CHECKS, UNIQUE_CHECKS=0 */;
/*!40014 SET @OLD_FOREIGN_KEY_CHECKS=@@FOREIGN_KEY_CHECKS, FOREIGN_KEY_CHECKS=0 */;
/*!40101 SET @OLD_SQL_MODE=@@SQL_MODE, SQL_MODE='NO_AUTO_VALUE_ON_ZERO' */;
/*!40111 SET @OLD_SQL_NOTES=@@SQL_NOTES, SQL_NOTES=0 */;

--
-- Table structure for table `channels`
--

DROP TABLE IF EXISTS `channels`;
/*!40101 SET @saved_cs_client     = @@character_set_client */;
/*!40101 SET character_set_client = utf8 */;
CREATE TABLE `channels` (
  `id` bigint(20) unsigned NOT NULL AUTO_INCREMENT,
  `created_at` timestamp NULL DEFAULT NULL,
  `updated_at` timestamp NULL DEFAULT NULL,
  `name` varchar(255) COLLATE utf8mb4_unicode_ci NOT NULL,
  `type` enum('dm','channel') COLLATE utf8mb4_unicode_ci NOT NULL,
  PRIMARY KEY (`id`)
) ENGINE=InnoDB AUTO_INCREMENT=12 DEFAULT CHARSET=utf8mb4 COLLATE=utf8mb4_unicode_ci;
/*!40101 SET character_set_client = @saved_cs_client */;

--
-- Dumping data for table `channels`
--

LOCK TABLES `channels` WRITE;
/*!40000 ALTER TABLE `channels` DISABLE KEYS */;
INSERT INTO `channels` VALUES (1,'2020-06-22 03:10:29','2020-06-22 03:10:29','dm','dm'),(2,'2020-06-22 03:24:58','2020-06-22 03:24:58','dm','dm'),(3,'2020-06-23 02:43:28','2020-06-23 02:43:28','dm','dm'),(4,'2020-06-23 10:59:12','2020-06-23 10:59:12','dm','dm'),(5,NULL,NULL,'general','channel'),(6,'2020-06-24 11:06:23','2020-06-24 11:06:23','dm','dm'),(7,'2020-06-26 06:03:28','2020-06-26 06:03:28','dm','dm'),(8,'2020-06-26 06:03:31','2020-06-26 06:03:31','dm','dm'),(9,'2020-07-11 03:30:54','2020-07-11 03:30:54','dm','dm'),(10,'2020-07-11 03:51:17','2020-07-11 03:51:17','dm','dm'),(11,'2020-07-11 03:51:17','2020-07-11 03:51:17','dm','dm');
/*!40000 ALTER TABLE `channels` ENABLE KEYS */;
UNLOCK TABLES;

--
-- Table structure for table `failed_jobs`
--

DROP TABLE IF EXISTS `failed_jobs`;
/*!40101 SET @saved_cs_client     = @@character_set_client */;
/*!40101 SET character_set_client = utf8 */;
CREATE TABLE `failed_jobs` (
  `id` bigint(20) unsigned NOT NULL AUTO_INCREMENT,
  `connection` text COLLATE utf8mb4_unicode_ci NOT NULL,
  `queue` text COLLATE utf8mb4_unicode_ci NOT NULL,
  `payload` longtext COLLATE utf8mb4_unicode_ci NOT NULL,
  `exception` longtext COLLATE utf8mb4_unicode_ci NOT NULL,
  `failed_at` timestamp NOT NULL DEFAULT CURRENT_TIMESTAMP,
  PRIMARY KEY (`id`)
) ENGINE=InnoDB DEFAULT CHARSET=utf8mb4 COLLATE=utf8mb4_unicode_ci;
/*!40101 SET character_set_client = @saved_cs_client */;

--
-- Dumping data for table `failed_jobs`
--

LOCK TABLES `failed_jobs` WRITE;
/*!40000 ALTER TABLE `failed_jobs` DISABLE KEYS */;
/*!40000 ALTER TABLE `failed_jobs` ENABLE KEYS */;
UNLOCK TABLES;

--
-- Table structure for table `messages`
--

DROP TABLE IF EXISTS `messages`;
/*!40101 SET @saved_cs_client     = @@character_set_client */;
/*!40101 SET character_set_client = utf8 */;
CREATE TABLE `messages` (
  `id` int(10) unsigned NOT NULL AUTO_INCREMENT,
  `user_id` int(10) unsigned NOT NULL,
  `message` text COLLATE utf8mb4_unicode_ci NOT NULL,
  `channel_id` int(10) unsigned NOT NULL,
  `created_at` timestamp NULL DEFAULT NULL,
  `updated_at` timestamp NULL DEFAULT NULL,
  PRIMARY KEY (`id`)
) ENGINE=InnoDB AUTO_INCREMENT=26 DEFAULT CHARSET=utf8mb4 COLLATE=utf8mb4_unicode_ci;
/*!40101 SET character_set_client = @saved_cs_client */;

--
-- Dumping data for table `messages`
--

LOCK TABLES `messages` WRITE;
/*!40000 ALTER TABLE `messages` DISABLE KEYS */;
INSERT INTO `messages` VALUES (1,2,'WASH AWAY THE ANGER',5,'2020-06-24 10:59:51','2020-06-24 10:59:51'),(2,5,'HERE I STAND BENEATH THE WARM AND SOOTHING RAIN',5,'2020-06-24 11:00:03','2020-06-24 11:00:03'),(3,2,'THE DROPLETS FALLING GENTLY DOWN ON THE TERRAIN',5,'2020-06-24 11:00:16','2020-06-24 11:00:16'),(4,2,'HOY HOY HOY',6,'2020-06-24 11:19:38','2020-06-24 11:19:38'),(5,5,'HOY HOY HOY HOY',6,'2020-06-24 11:21:05','2020-06-24 11:21:05'),(6,5,'DM TO SHAWN',6,'2020-06-25 03:18:38','2020-06-25 03:18:38'),(7,2,'DM TO MONSOON',6,'2020-06-25 03:18:41','2020-06-25 03:18:41'),(8,2,'HELLO DANKNESS MY OLD FRIEND',6,'2020-06-25 05:07:58','2020-06-25 05:07:58'),(9,5,'I\'VE COME TO CHAT WITH YOU AGAIN',6,'2020-06-25 05:08:45','2020-06-25 05:08:45'),(10,2,'THE SOUND OF SILENCE',6,'2020-06-25 05:09:23','2020-06-25 05:09:23'),(11,5,'OY VEY, DON\'T LET THE SENATOR KNOW',6,'2020-06-25 05:09:59','2020-06-25 05:09:59'),(12,2,'hello memesoon my old friend',5,'2020-06-25 06:44:50','2020-06-25 06:44:50'),(13,5,'i\'ve come to parry you again',5,'2020-06-25 06:45:05','2020-06-25 06:45:05'),(14,5,'LOOK AT ME',6,'2020-06-29 08:23:16','2020-06-29 08:23:16'),(15,2,'I AM IN FUNCTIONAL COMPONENTS NOW',6,'2020-06-29 08:23:27','2020-06-29 08:23:27'),(16,5,'AYO MUH NIGGER',5,'2020-06-29 08:24:12','2020-06-29 08:24:12'),(17,2,'WE IZ FUNCTIONAL COMPONENS N SHEEEIT NOW',5,'2020-06-29 08:24:28','2020-06-29 08:24:28'),(18,5,'DAS RITE',5,'2020-06-29 08:24:53','2020-06-29 08:24:53'),(19,5,'REDUX, SUCH A PRETTY MEME, EXQUISITE!',6,'2020-07-10 09:56:54','2020-07-10 09:56:54'),(20,2,'does this message clear the input box',5,'2020-07-10 10:03:24','2020-07-10 10:03:24'),(21,5,'clear the input box now',5,'2020-07-10 10:07:12','2020-07-10 10:07:12'),(22,5,'clear the input box please',5,'2020-07-10 10:07:38','2020-07-10 10:07:38'),(23,2,'INPUT BOKSU CREAR NO JUTSU!',5,'2020-07-10 10:08:37','2020-07-10 10:08:37'),(24,2,'clrscr',5,'2020-07-10 10:10:32','2020-07-10 10:10:32'),(25,2,'YES YES YES',5,'2020-07-10 10:10:47','2020-07-10 10:10:47');
/*!40000 ALTER TABLE `messages` ENABLE KEYS */;
UNLOCK TABLES;

--
-- Table structure for table `migrations`
--

DROP TABLE IF EXISTS `migrations`;
/*!40101 SET @saved_cs_client     = @@character_set_client */;
/*!40101 SET character_set_client = utf8 */;
CREATE TABLE `migrations` (
  `id` int(10) unsigned NOT NULL AUTO_INCREMENT,
  `migration` varchar(255) COLLATE utf8mb4_unicode_ci NOT NULL,
  `batch` int(11) NOT NULL,
  PRIMARY KEY (`id`)
) ENGINE=InnoDB AUTO_INCREMENT=17 DEFAULT CHARSET=utf8mb4 COLLATE=utf8mb4_unicode_ci;
/*!40101 SET character_set_client = @saved_cs_client */;

--
-- Dumping data for table `migrations`
--

LOCK TABLES `migrations` WRITE;
/*!40000 ALTER TABLE `migrations` DISABLE KEYS */;
INSERT INTO `migrations` VALUES (1,'2014_10_12_000000_create_users_table',1),(2,'2014_10_12_100000_create_password_resets_table',1),(3,'2016_06_01_000001_create_oauth_auth_codes_table',1),(4,'2016_06_01_000002_create_oauth_access_tokens_table',1),(5,'2016_06_01_000003_create_oauth_refresh_tokens_table',1),(6,'2016_06_01_000004_create_oauth_clients_table',1),(7,'2016_06_01_000005_create_oauth_personal_access_clients_table',1),(8,'2019_08_19_000000_create_failed_jobs_table',1),(10,'2018_12_04_192621_create_messages_table',2),(13,'2020_06_21_090843_create_channels_table',3),(14,'2020_06_21_105102_create_user_channel_table',3),(15,'2020_06_24_142801_drop_my_table',4),(16,'2020_06_24_142853_create_messages_table',5);
/*!40000 ALTER TABLE `migrations` ENABLE KEYS */;
UNLOCK TABLES;

--
-- Table structure for table `oauth_access_tokens`
--

DROP TABLE IF EXISTS `oauth_access_tokens`;
/*!40101 SET @saved_cs_client     = @@character_set_client */;
/*!40101 SET character_set_client = utf8 */;
CREATE TABLE `oauth_access_tokens` (
  `id` varchar(100) COLLATE utf8mb4_unicode_ci NOT NULL,
  `user_id` bigint(20) unsigned DEFAULT NULL,
  `client_id` bigint(20) unsigned NOT NULL,
  `name` varchar(255) COLLATE utf8mb4_unicode_ci DEFAULT NULL,
  `scopes` text COLLATE utf8mb4_unicode_ci,
  `revoked` tinyint(1) NOT NULL,
  `created_at` timestamp NULL DEFAULT NULL,
  `updated_at` timestamp NULL DEFAULT NULL,
  `expires_at` datetime DEFAULT NULL,
  PRIMARY KEY (`id`),
  KEY `oauth_access_tokens_user_id_index` (`user_id`)
) ENGINE=InnoDB DEFAULT CHARSET=utf8mb4 COLLATE=utf8mb4_unicode_ci;
/*!40101 SET character_set_client = @saved_cs_client */;

--
-- Dumping data for table `oauth_access_tokens`
--

LOCK TABLES `oauth_access_tokens` WRITE;
/*!40000 ALTER TABLE `oauth_access_tokens` DISABLE KEYS */;
INSERT INTO `oauth_access_tokens` VALUES ('019c4e8b70716f3141f606a6382c4d61ecb915fa96640ca82c8cb6dfd92c64a5073df74f67569edd',5,1,'Personal Access Token','[]',0,'2020-07-11 03:58:56','2020-07-11 03:58:56','2021-07-11 09:28:56'),('01e9fecbdb1771b94b51ac716e841b5350422027f63c522424038818914d1f9314910635457c7b19',5,1,'Personal Access Token','[]',0,'2020-06-20 00:58:27','2020-06-20 00:58:27','2021-06-20 06:28:27'),('0271ed6489633a825584cd4d1f86698138d50789a1f9c6a7e9d884c8b2f5ad16f68e3a443fec74d3',2,1,'Personal Access Token','[]',1,'2020-06-18 04:46:35','2020-06-18 04:46:35','2021-06-18 10:16:35'),('0322d8c0a822ed690ed2f126777a4828819bb32fbd47b2fe84eb7420c50246857b209f0d408fec01',5,1,'Personal Access Token','[]',0,'2020-06-24 10:57:28','2020-06-24 10:57:28','2021-06-24 16:27:28'),('04c5cae2a7e16220fbaf409d3bcee950dc0827aedcddba51dbaf98346a9fec45e9c3bef60f4d3f97',5,1,'Personal Access Token','[]',0,'2020-07-06 10:08:06','2020-07-06 10:08:06','2021-07-06 15:38:06'),('04cd050e2ae62cd314c78408f54817843909fb12d7d1edda256f8399b6a03a4cd8b78725cca8be99',2,1,'Personal Access Token','[]',1,'2020-06-19 12:43:55','2020-06-19 12:43:55','2021-06-19 18:13:55'),('04deb0e5c1bc8f6feb7c1b2fdfe62ce602639aec51096b3ae4f1581e7024a188f8cce9193bec3384',2,1,'Personal Access Token','[]',1,'2020-06-18 05:41:48','2020-06-18 05:41:48','2021-06-18 11:11:48'),('04e5408afa117d2c487a4e40fb974ad416c20be47f95d612c058d49c4c6c73b6c474d3f790a88865',2,1,'Personal Access Token','[]',1,'2020-06-19 11:05:09','2020-06-19 11:05:09','2021-06-19 16:35:09'),('05838662b6b4371e6a76ed2da67c789f1a4aa3d101de4148867750190d0126d84834209f9e983e99',5,1,'Personal Access Token','[]',1,'2020-06-19 11:52:14','2020-06-19 11:52:14','2021-06-19 17:22:14'),('0632bbe1aa59db5ed1b4e4f4de8b4950b61cdfd69f0e3a91605139c48e8db96ddec3aec9332389f6',5,1,'Personal Access Token','[]',0,'2020-07-06 09:52:35','2020-07-06 09:52:35','2021-07-06 15:22:35'),('06475ed3a7b68b1c27569d26430db8f316f802f15107afc61009f53ffb831dd3545a72088ea826bd',2,1,'Personal Access Token','[]',0,'2020-07-11 04:53:07','2020-07-11 04:53:07','2021-07-11 10:23:07'),('06726dff62ac8672570a571ef82f86497975c134fbdf2a9857ff96ffde2fd0e07c5f175ebb2aa9ea',5,1,'Personal Access Token','[]',1,'2020-07-12 05:45:18','2020-07-12 05:45:18','2021-07-12 11:15:18'),('070a9665e385da4e6d8424cb8154557171f41a079b3cecaa3ccaef042f669a046c59547263be84be',2,1,'Personal Access Token','[]',1,'2020-06-18 05:33:26','2020-06-18 05:33:26','2021-06-18 11:03:26'),('0950960ef781eb3840359912de5c29553ea7da1fee937dcf95595c86e248f2f61e72d007b8c5de2f',5,1,'Personal Access Token','[]',0,'2020-07-14 05:40:41','2020-07-14 05:40:41','2021-07-14 11:10:41'),('09a8cd2c87a38377241b7e5215212742e86e89505abae3c2cdb630a042f24f4e4387ee787d7167a9',5,1,'Personal Access Token','[]',1,'2020-07-12 04:40:19','2020-07-12 04:40:19','2021-07-12 10:10:19'),('0a03e118227ab249b002f2887d4e62948a104354255f5beba18648662604db00854ea8f777c7e363',5,1,'Personal Access Token','[]',1,'2020-06-20 11:08:46','2020-06-20 11:08:46','2021-06-20 16:38:46'),('0aa2915285ce406b31043ff40efa6abac901b588bc1f605f1e1b819cb2d7d0e649bcfbdaf57590d1',5,1,'Personal Access Token','[]',0,'2020-07-14 05:58:28','2020-07-14 05:58:28','2021-07-14 11:28:28'),('0b824413196741acab6a4cdfc75fc98ed6e393557666726aa9978f440ac6bdab75752558865736f4',2,1,'Personal Access Token','[]',1,'2020-06-19 11:54:48','2020-06-19 11:54:48','2021-06-19 17:24:48'),('0bba143a800f5c8951999b224eab56f8a8247fe08d2e4bc304176c3dad689d25a932902de1ccf198',5,1,'Personal Access Token','[]',0,'2020-07-14 07:10:12','2020-07-14 07:10:12','2021-07-14 12:40:12'),('0bbca10b7b83d2b503e8bf9f03fa7f407868ed1342ef84712f0cf56df0aec2d6e7f0e29631a03679',2,1,'Personal Access Token','[]',1,'2020-06-23 02:23:15','2020-06-23 02:23:15','2021-06-23 07:53:15'),('0c2ef92b591d980043582e83a0c10d704f2d2358454901ede4ca6469262b88c04352ced288b21b27',2,1,'Personal Access Token','[]',0,'2020-06-19 13:19:28','2020-06-19 13:19:28','2021-06-19 18:49:28'),('0c757645999e1a25c3122b4c86cc26916a590aabdf9919a49d223cc535e9f27a9af02a7201ee090f',5,1,'Personal Access Token','[]',1,'2020-06-20 01:14:37','2020-06-20 01:14:37','2021-06-20 06:44:37'),('0cf24020fdbf07623bb8622d4e9e9c9f7d8ad852b89268e9c4816e337dd18a94f5e30395fe3d1415',2,1,'Personal Access Token','[]',1,'2020-06-18 05:48:11','2020-06-18 05:48:11','2021-06-18 11:18:11'),('0d05304ff773eff834b61429b010bc2ffc28dd49a091c1d65fbff2066d04d7a6c183dc169b1c7db6',2,1,'Personal Access Token','[]',0,'2020-06-19 11:55:38','2020-06-19 11:55:38','2021-06-19 17:25:38'),('0d05e12ea1e6eb5fb0106392d876d649005a6bc4b5991ba51b65bef973c94ad0256a3d2d0c3b3472',2,1,'Personal Access Token','[]',1,'2020-06-18 05:52:09','2020-06-18 05:52:09','2021-06-18 11:22:09'),('0e35571bc1dc757c104a3da5714157387de04a0020254677eba4b21d2904fcfe37b0ddcc067bb77a',5,1,'Personal Access Token','[]',1,'2020-06-20 01:05:41','2020-06-20 01:05:41','2021-06-20 06:35:41'),('0e6450775ab34cd83143a27be0244340c3db5bd3f90e27a2e9ad78013e864eb29e8cf26d51180eb5',5,1,'Personal Access Token','[]',0,'2020-06-20 01:09:14','2020-06-20 01:09:14','2021-06-20 06:39:14'),('0ebccb89bd27d7b373e05f82e4ef58e8880e6a34aef40cec38b7032cc9ed7bbc90ee25e1849766f5',6,1,'Personal Access Token','[]',0,'2020-06-23 10:59:49','2020-06-23 10:59:49','2021-06-23 16:29:49'),('0eff0ec8e61c576684d3eb7089952e3e0ed72af3717113d0fca57d8dec12ef69e9a9c7a247256154',2,1,'Personal Access Token','[]',1,'2020-06-18 05:08:37','2020-06-18 05:08:37','2021-06-18 10:38:37'),('0f3d2c01e252cea337da2f0a6450c57eac5cb8e09c201529a338c07209198bf34ca5917ffa5dab7c',5,1,'Personal Access Token','[]',0,'2020-07-12 06:02:32','2020-07-12 06:02:32','2021-07-12 11:32:32'),('1008207740ab89e1e10af6c6e638d5b91c16312854404d26aa6a15e3771bffcb0f633d96c7406132',2,1,'Personal Access Token','[]',0,'2020-06-16 10:10:24','2020-06-16 10:10:24','2021-06-16 15:40:24'),('10dd2c5bc12afea2b4d1fd455b8c04aa3e500f6d620e4b0568d1276bfcd0105f9554fa601167a45c',5,1,'Personal Access Token','[]',1,'2020-07-11 04:53:48','2020-07-11 04:53:48','2021-07-11 10:23:48'),('115e3dc5a3632782d296a940d9e12e86663cfa6eb67161c2aaa8a07bf17dc14aa3a242e81bac5102',5,1,'Personal Access Token','[]',0,'2020-07-14 05:27:37','2020-07-14 05:27:37','2021-07-14 10:57:37'),('11c1bfb55623c9b696a3cdb12ae65537f196f691c8bd805676973fae6c1266cb8539555d4390e518',2,1,'Personal Access Token','[]',0,'2020-07-11 04:50:46','2020-07-11 04:50:46','2021-07-11 10:20:46'),('129bc5fef52c119c9b4eca5eba14ee679c6ef1474f96ed8627711cfe21f506d1aa16aa8618908036',2,1,'Personal Access Token','[]',1,'2020-06-19 11:44:04','2020-06-19 11:44:04','2021-06-19 17:14:04'),('12facbb3b54b3e8cd989c993f8d278527d1fd47752df43e07827d484896515a8757fa60fdd135eaf',6,1,'Personal Access Token','[]',0,'2020-06-16 10:13:27','2020-06-16 10:13:27','2021-06-16 15:43:27'),('14eafbef7b024951e67c118977be0ee514b7bf39cf9a9d53c448de29b718660b3f0388a9c5082a75',2,1,'Personal Access Token','[]',1,'2020-06-18 05:04:27','2020-06-18 05:04:27','2021-06-18 10:34:27'),('1668486989fc8916d98b175f745c086f3858ba106d93dcc385cd565c54600b75b2931f692c24bf3f',5,1,'Personal Access Token','[]',1,'2020-06-19 11:44:57','2020-06-19 11:44:57','2021-06-19 17:14:57'),('1679d8ee933951689a3dcb5b5ae14ed295eef45798d3d392e350e54d7a1266d40448a6bc7fa8b13e',5,1,'Personal Access Token','[]',0,'2020-06-19 12:54:43','2020-06-19 12:54:43','2021-06-19 18:24:43'),('17082ef1391d81225eec3de35698c4f05938849acbc9339a91095c01c0162a92cbce44dab53c548d',2,1,'Personal Access Token','[]',0,'2020-06-16 10:10:10','2020-06-16 10:10:10','2021-06-16 15:40:10'),('181f2feb97f498461a6128847ad41b453c8524e9fa058b69663055e4d95464f37187ba2fba2cbd8e',2,1,'Personal Access Token','[]',1,'2020-06-19 12:47:26','2020-06-19 12:47:26','2021-06-19 18:17:26'),('1834e7442d811f67ca4268104de41837635a09c805a11ba091db837839e47100e95ccb3e280df473',2,1,'Personal Access Token','[]',1,'2020-06-19 11:57:29','2020-06-19 11:57:29','2021-06-19 17:27:29'),('18e21602bac861503b5e17fd4b8ecddea54bc3b557ee83e9199b54ae70d5a542fd0e6e9c2655b1a4',5,1,'Personal Access Token','[]',1,'2020-06-20 01:02:25','2020-06-20 01:02:25','2021-06-20 06:32:25'),('1a55c06f7fa87c385e061dd16c3df5e10109d5658c3e79f9c41969005aad72cea3cc6ec232c88dc8',5,1,'Personal Access Token','[]',0,'2020-07-14 05:55:36','2020-07-14 05:55:36','2021-07-14 11:25:36'),('1ac8f7aa398b1598779bc09ebf897d4837281e470c3bb2a3f3c9b71568a20206dd00129857c7ae06',2,1,'Personal Access Token','[]',1,'2020-06-19 11:09:59','2020-06-19 11:09:59','2021-06-19 16:39:59'),('1c2ca836f22123787f2594082019fe91fa8b1570244436bf3d1aa70402ed862fc3940de271525b1c',2,1,'Personal Access Token','[]',0,'2020-06-18 09:50:39','2020-06-18 09:50:39','2021-06-18 15:20:39'),('1ff92ba1557be946374138c4d9a6c9bfe8e10d5f1883c49cabf6c5bbcc934a6d99bab6a6e03c3bfd',5,1,'Personal Access Token','[]',0,'2020-07-14 07:29:23','2020-07-14 07:29:23','2021-07-14 12:59:23'),('20599464febf2efcc6cc5a4cdf9bb6fceb5d86dbd2e12cbb929bc62f058b3d992b6b33f22d82db69',2,1,'Personal Access Token','[]',0,'2020-06-21 03:33:04','2020-06-21 03:33:04','2021-06-21 09:03:04'),('229637e5eb01e1135ca7e232ace25ca7db630bdac9dd28700d11f98219759fd1bd37e070b1a1dff2',2,1,'Personal Access Token','[]',1,'2020-06-18 04:46:00','2020-06-18 04:46:00','2021-06-18 10:16:00'),('2493063ec1f73871af1fa580184443e7aeba32d17edfbe00441a62ec837c5fa7186b03855ecf0d8e',5,1,'Personal Access Token','[]',0,'2020-07-11 03:43:32','2020-07-11 03:43:32','2021-07-11 09:13:32'),('249472c8906813a87d384f3766f4796250a6cbd0879253c0f51b34551f975066d1cb55db050d4756',2,1,'Personal Access Token','[]',1,'2020-06-18 05:50:01','2020-06-18 05:50:01','2021-06-18 11:20:01'),('27586bed88205806ecf8e5be7cd421ec7581de6a933deaae486cc34ebdaaac459f1a6e4b1d888245',2,1,'Personal Access Token','[]',1,'2020-06-18 04:27:23','2020-06-18 04:27:23','2021-06-18 09:57:23'),('27e150344c244b3e66220de4259ff3737b17104ad3bbf04e1596d82e1081327093c292baf9f2eeef',5,1,'Personal Access Token','[]',0,'2020-06-26 07:21:50','2020-06-26 07:21:50','2021-06-26 12:51:50'),('28e3ac4780ad1f2a15feb567cf24dbd91dc0876a236c8911681cc2093e80f988bd5ffe1ddfd6b69e',5,1,'Personal Access Token','[]',0,'2020-07-14 05:29:17','2020-07-14 05:29:17','2021-07-14 10:59:17'),('28ef1a3d43973a2feed352589274db12bb08b57836b37318c915f8b78a4ae4d38f55c9bb15e45a68',5,1,'Personal Access Token','[]',0,'2020-07-11 03:56:33','2020-07-11 03:56:33','2021-07-11 09:26:33'),('2a375e1f46bcb039c74e5b9daecfdfe26f10b32a7fd1f40c95150f85e7c5dfeb4d678e5ae4045475',5,1,'Personal Access Token','[]',1,'2020-07-06 09:47:44','2020-07-06 09:47:44','2021-07-06 15:17:44'),('2a63e2dc0ce5d8d2581166a2f468544b92f2b4569e2f82be34405afd528bc141305a0dfbe34d7e95',5,1,'Personal Access Token','[]',0,'2020-07-14 05:46:02','2020-07-14 05:46:02','2021-07-14 11:16:02'),('2b0f8f65bf95b4144e03aa325a2682dc5d184eaac9d56400a122ac877b5fddd7b9fd37520e30c7fe',6,1,'Personal Access Token','[]',0,'2020-07-11 04:55:49','2020-07-11 04:55:49','2021-07-11 10:25:49'),('2bfa39964cce0b19dc2f06e7081dbeb7b0f78f72bfb932c5ad9679c9520938bb4bd3b43d756de77f',2,1,'Personal Access Token','[]',1,'2020-06-20 00:42:58','2020-06-20 00:42:58','2021-06-20 06:12:58'),('2ca7608c359f1bf737b8e8fcde6e38203a504da37c400b8a2f905941f13e7ff19e6d079356972d3d',2,1,'Personal Access Token','[]',1,'2020-06-18 04:51:59','2020-06-18 04:51:59','2021-06-18 10:21:59'),('2d5e2578f98b5ec99ef3cbe00ce71628e696220b83ce3a05bec11e1e21258bc06f63723e199ae145',5,1,'Personal Access Token','[]',0,'2020-07-14 05:17:38','2020-07-14 05:17:38','2021-07-14 10:47:38'),('2d7d84ba52f360c08d8a004a5ba59a879cdfd4e8bae7f7ebf7b9822ed3e4a8a70b1c141625d7eeff',5,1,'Personal Access Token','[]',0,'2020-06-20 00:43:54','2020-06-20 00:43:54','2021-06-20 06:13:54'),('2d82c9067adaa2c6a5af72eeb9fb3a14d251ce52102c0cdac7094e66c863282e65f5c81c93d26d3d',2,1,'Personal Access Token','[]',1,'2020-06-18 04:56:02','2020-06-18 04:56:02','2021-06-18 10:26:02'),('2d849e05efe8a75956a30af07a79e2e490549be1467fc33f474aa20514a1b453abe5acca8b625cdf',5,1,'Personal Access Token','[]',0,'2020-07-14 06:03:23','2020-07-14 06:03:23','2021-07-14 11:33:23'),('31439cd2ab7ce271f896c00912a39d89bc1fabada4a744627ee651f23318b51454e83e2f621c5a02',2,1,'Personal Access Token','[]',0,'2020-06-19 12:54:02','2020-06-19 12:54:02','2021-06-19 18:24:02'),('339455e47c445d14d695ae48d5cbb46b5b7409c64451eda9b1c20fade66aebd99bd12bdbb2709ca0',5,1,'Personal Access Token','[]',0,'2020-07-14 06:33:35','2020-07-14 06:33:35','2021-07-14 12:03:35'),('340f9854b975b5fe0cbc86c7ea5122da2efee4c4dba3447c7bf94bb04c202659e9b74eba96e6fc9e',2,1,'Personal Access Token','[]',0,'2020-06-16 10:10:22','2020-06-16 10:10:22','2021-06-16 15:40:22'),('3483eb4b842868c32e6ef85f0320ae3b1d8c78875540e931cf8dcf2bddea8ae7eba107a7bcdaa374',2,1,'Personal Access Token','[]',1,'2020-06-18 05:25:35','2020-06-18 05:25:35','2021-06-18 10:55:35'),('390084cab32eccab7c92cc0a1fe2c122eab40db90e706c162718ecc59a08782bed57a6b4f3b1e8fb',5,1,'Personal Access Token','[]',1,'2020-06-19 13:19:51','2020-06-19 13:19:51','2021-06-19 18:49:51'),('3b3f1851f633b45438fb5919335d96bcc76957417de10adb5a47b7916ad22db22fec710151ec2ab3',5,1,'Personal Access Token','[]',0,'2020-07-14 08:07:55','2020-07-14 08:07:55','2021-07-14 13:37:55'),('3b79f7d72d0152a7a1ca74d707da563b8889ec62dd24743455a2c5da587048013aa79c629124c896',5,1,'Personal Access Token','[]',0,'2020-07-12 05:11:52','2020-07-12 05:11:52','2021-07-12 10:41:52'),('3ef07e8a4d62feaf8e487eb0f4575bfc4fa4a95ce6592e462614f606797813ea224f068d81308110',5,1,'Personal Access Token','[]',1,'2020-07-12 05:56:53','2020-07-12 05:56:53','2021-07-12 11:26:53'),('40fbc3471735e3d1594fce1360c2ef1453994e3d4cd53ab39a4bda2cff5f588244e7154b3d0c4c2f',5,1,'Personal Access Token','[]',1,'2020-06-20 01:02:02','2020-06-20 01:02:02','2021-06-20 06:32:02'),('41bdd18e64d003addcbcf4ee18adf31f38e86c450e68fba8dfe56810d653475ae93b6af89ca38bbb',2,1,'Personal Access Token','[]',1,'2020-06-18 04:34:25','2020-06-18 04:34:25','2021-06-18 10:04:25'),('41db7dc9f5439a92269e04c9db968c7fa309d50f5431fb2f231fb63e6545441fb80c2cb1ef2bc9fd',2,1,'Personal Access Token','[]',0,'2020-06-20 11:08:19','2020-06-20 11:08:19','2021-06-20 16:38:19'),('423e54bff18b5163abe818f500d0a8d0573e370dcdb421eb6dcb4f45af955fb42f58699240a3892d',5,1,'Personal Access Token','[]',0,'2020-06-20 00:50:30','2020-06-20 00:50:30','2021-06-20 06:20:30'),('42afd69a8ccad303aa4190875aa293a98b15f7c4215bc49362a1de61e744f699169ea5a7a5d65606',5,1,'Personal Access Token','[]',0,'2020-07-14 07:52:57','2020-07-14 07:52:57','2021-07-14 13:22:57'),('4369ce8fd13154f00762f3ecf1a531eb847aea0e8f7419e06c0b18d8dddd48083780b0ef87636637',2,1,'Personal Access Token','[]',0,'2020-06-16 10:10:24','2020-06-16 10:10:24','2021-06-16 15:40:24'),('44058434c78abbe8ebccad18a0c74e53a64ac5f783d63472ff9bd0b18ec65cc1c9123f6a0db010d8',6,1,'Personal Access Token','[]',0,'2020-06-16 10:13:23','2020-06-16 10:13:23','2021-06-16 15:43:23'),('446fac165c8bf4261d7147657fdf89ace6ee47e0296d1839dc4e787cb0de36d2e922825a1f7992e2',5,1,'Personal Access Token','[]',0,'2020-07-14 05:19:32','2020-07-14 05:19:32','2021-07-14 10:49:32'),('44c33f5cab94d81d7ace1862335d5b360c149048b8b86f9dd708478fb05aea41c2c2807c4b40882b',5,1,'Personal Access Token','[]',1,'2020-07-12 04:27:33','2020-07-12 04:27:33','2021-07-12 09:57:33'),('46521e8f804bca29f88ab2250c7fddae42ba4a6c3c97520b2e38aa79836244db08ed97f8a359a57f',2,1,'Personal Access Token','[]',0,'2020-07-11 04:54:49','2020-07-11 04:54:49','2021-07-11 10:24:49'),('476ed399641559eb962fe85cf108b4e98cb87b363273b8e01f7258a73dc5ee4b3b63dfd7bc45f54d',5,1,'Personal Access Token','[]',0,'2020-07-10 03:29:12','2020-07-10 03:29:12','2021-07-10 08:59:12'),('484842fd03fca61ec276eb1fce1e45ea690e3b0ea194b8cb366a53bf92640e3e810d304cb3e28a9d',5,1,'Personal Access Token','[]',0,'2020-07-14 05:52:43','2020-07-14 05:52:43','2021-07-14 11:22:43'),('48d99397b2a8fd34290ab7b218648b1ccc690208a097badb72a0829c0d234dfb32e1e7a27021fe1c',2,1,'Personal Access Token','[]',0,'2020-06-24 03:51:11','2020-06-24 03:51:11','2021-06-24 09:21:11'),('4900b92ba0253564a42556443a03eafefe442aa85ff92ce8507eacdd3b2d8f4f75e709dbd36f1653',5,1,'Personal Access Token','[]',1,'2020-06-19 12:39:45','2020-06-19 12:39:45','2021-06-19 18:09:45'),('49161c013e91fa9fc0bec831600488bea50d7dfa13415525da1324f1d00511888f3751468281ddd6',2,1,'Personal Access Token','[]',1,'2020-06-18 03:20:14','2020-06-18 03:20:14','2021-06-18 08:50:14'),('49391022354694cc438e0721e7077d05f4a4d38af840ee972bfad7cbff35bc7f5bd8c206087ea3e2',5,1,'Personal Access Token','[]',1,'2020-06-26 07:39:27','2020-06-26 07:39:27','2021-06-26 13:09:27'),('4ae15bcc5d61aaf5c5b6cd00e388be85672ea7fbae856206876822676fa7b23365161dd6f7ff0f52',2,1,'Personal Access Token','[]',1,'2020-06-18 05:46:55','2020-06-18 05:46:55','2021-06-18 11:16:55'),('4af7f5e6b680d250aff32fa37f56be07f32710010d4c56e1b6d7f5536c62ac2920e9598b77c08e19',5,1,'Personal Access Token','[]',1,'2020-06-20 00:43:29','2020-06-20 00:43:29','2021-06-20 06:13:29'),('4b1441b4a158d8d760a2ba51fb9f1b327f654d7adc7983b861f92318f9d12cf08d4fe367afb45ac3',5,1,'Personal Access Token','[]',1,'2020-07-12 04:42:27','2020-07-12 04:42:27','2021-07-12 10:12:27'),('4b6969691ec678f93f53e17084779ea9b225804034152c2e915236511359078bca54c27a2f857553',5,1,'Personal Access Token','[]',1,'2020-06-20 00:56:01','2020-06-20 00:56:01','2021-06-20 06:26:01'),('4bb67bd07f64c2b0b7fc13a356f5c31ab80130faa1ae3565185258446819836b0e306c8d93b1654e',2,1,'Personal Access Token','[]',1,'2020-06-18 05:31:41','2020-06-18 05:31:41','2021-06-18 11:01:41'),('4d07b30474176166df0616f03e00224d49f257ecd2f7d74cd581827300f8af14b6763bad7f237c38',5,1,'Personal Access Token','[]',1,'2020-07-12 05:56:17','2020-07-12 05:56:17','2021-07-12 11:26:17'),('4f641959c1f634ef70233661aab92bb2fbae28ab2d817c7ef3bd58368c98dda35438f2e6682d6764',2,1,'Personal Access Token','[]',1,'2020-06-18 04:58:14','2020-06-18 04:58:14','2021-06-18 10:28:14'),('50a3c343380b01858c1717af77b3a78a8b08a3e314963f841973257b5dc3fb2986af314600a36a8f',2,1,'Personal Access Token','[]',1,'2020-06-19 11:47:43','2020-06-19 11:47:43','2021-06-19 17:17:43'),('5159fd41a17da96dd5b9618dafcdede5d9dd544e052da5dda261e5dff2bc969e322763467ef6a0db',6,1,'Personal Access Token','[]',0,'2020-06-25 05:06:38','2020-06-25 05:06:38','2021-06-25 10:36:38'),('51ebeef8a5e567ba4155356132b3d2cbb2ec51840a268661b29c4e607b4d8705130aa27c8f475261',2,1,'Personal Access Token','[]',1,'2020-06-19 11:26:35','2020-06-19 11:26:35','2021-06-19 16:56:35'),('522b2080cff2be3613c6c9a984be77772723a382df9343298623f11f767cc52b26fa82013e981db3',2,1,'Personal Access Token','[]',1,'2020-06-18 05:10:52','2020-06-18 05:10:52','2021-06-18 10:40:52'),('52a0c9e35630a856e20739dcbb50af245cbc653f282e0a30d6878132825fc810e510bfbba701d492',2,1,'Personal Access Token','[]',0,'2020-06-16 10:10:12','2020-06-16 10:10:12','2021-06-16 15:40:12'),('566aa83ec07ef2fc6b20ad0a5321111b79f2e9b5115f0738003440d398e1da0cc59fd70194d37ae3',5,1,'Personal Access Token','[]',0,'2020-07-14 06:04:20','2020-07-14 06:04:20','2021-07-14 11:34:20'),('573b804b95291a645e120609646ba6f6da49e78234a7899fd31f4c9c6d047b052a5d5be2362c1f66',5,1,'Personal Access Token','[]',1,'2020-07-12 04:37:28','2020-07-12 04:37:28','2021-07-12 10:07:28'),('5d36c88741627ceda2f561ff5257c3f5a1a0cfe1806a44e3c97877c5ab982794f2f1637b9f3d23f6',5,1,'Personal Access Token','[]',1,'2020-06-23 02:16:51','2020-06-23 02:16:51','2021-06-23 07:46:51'),('5d77f5298993429a5970b572718076255aa3d9b4d299243173497ee34506bafaad24082f8d9c188a',5,1,'Personal Access Token','[]',0,'2020-07-14 05:43:08','2020-07-14 05:43:08','2021-07-14 11:13:08'),('61f45c6ca838aa0b235fffc10ef5bfa2b6a039db67f4344a46f387d92688dc71ae5546d0c8fb68c8',6,1,'Personal Access Token','[]',0,'2020-07-06 09:54:36','2020-07-06 09:54:36','2021-07-06 15:24:36'),('62ea39dfcf472bf2e76ced3bb4db9835b7d0ffa3a4edcbd4b3cbf70b8cbf43f438824e9e184d35d4',5,1,'Personal Access Token','[]',1,'2020-06-19 13:22:37','2020-06-19 13:22:37','2021-06-19 18:52:37'),('633e3d46cd43e58daf30695909693a2478259820c9993d0527d23ca29c01832488e72b43a679c261',5,1,'Personal Access Token','[]',0,'2020-07-10 09:53:57','2020-07-10 09:53:57','2021-07-10 15:23:57'),('6355cb20174f0b9cb78f234b40168ec49017345fc79cbc83e4dbf8e3cc9c04f0452f74ca3e255bfa',5,1,'Personal Access Token','[]',1,'2020-06-19 11:47:55','2020-06-19 11:47:55','2021-06-19 17:17:55'),('6587685a1e9d865948f01591515daf7d710423875a0148fdf2ae3a50ca892162c461d3518115c0fa',5,1,'Personal Access Token','[]',0,'2020-07-14 05:51:24','2020-07-14 05:51:24','2021-07-14 11:21:24'),('6749217cd463bf6d2259ef378157624eb3f7698a541a923d61f48d0668fbf0582a5fe7a12e513c8a',5,1,'Personal Access Token','[]',0,'2020-07-14 06:32:27','2020-07-14 06:32:27','2021-07-14 12:02:27'),('68d67719bf4f191d7331ffde66143dc6f203168643d8042e8e2d48eafe3d3337de43d80aa07b5ee7',5,1,'Personal Access Token','[]',0,'2020-07-14 05:38:41','2020-07-14 05:38:41','2021-07-14 11:08:41'),('68d9571b7d2aa9c319c48626b7eb4e02770182d4035dc0b7bffcff4658f72958e38e1eac9fb58b9a',5,1,'Personal Access Token','[]',1,'2020-06-19 11:41:46','2020-06-19 11:41:46','2021-06-19 17:11:46'),('68f12370c458b53e715c429f0dcb175774b3240511815199f7c990fb6f3857df57005afd050cbb10',5,1,'Personal Access Token','[]',1,'2020-06-19 11:55:58','2020-06-19 11:55:58','2021-06-19 17:25:58'),('692c6cf89702e2dc0c0ba4f1bc1b65471f44122a6a49649505df3ef56cad2b1743ab6b5708a4ac97',5,1,'Personal Access Token','[]',0,'2020-06-25 05:05:52','2020-06-25 05:05:52','2021-06-25 10:35:52'),('698efa8e801d51de7c1d26aa3d34a74d7e06b42117beb44f3080b74546341b10362674f00a0afa06',2,1,'Personal Access Token','[]',1,'2020-06-18 04:20:13','2020-06-18 04:20:13','2021-06-18 09:50:13'),('6b7f80bf79d18f7da499cbe996480a48486b24cdfb3ae88adab484b66b9b1717d001b7e2340023b0',2,1,'Personal Access Token','[]',1,'2020-06-18 04:42:36','2020-06-18 04:42:36','2021-06-18 10:12:36'),('6b94f0d1f9c23798eb1f0e88c4f2e02464bb93a8dfa614ad1b0d351090e3305ed2cc52a213712c7b',5,1,'Personal Access Token','[]',0,'2020-06-26 05:54:18','2020-06-26 05:54:18','2021-06-26 11:24:18'),('6d76ca8d48631a31d1d4209547c5d4837f10395c251bc8b315f3642942749c596558568e8d567e10',6,1,'Personal Access Token','[]',0,'2020-06-16 10:13:26','2020-06-16 10:13:26','2021-06-16 15:43:26'),('6f8252df1f4b7672774d401e05ff9c8687300c5e4ff8ba07ee8951f9047bcedc4d2bdc4dddf61501',5,1,'Personal Access Token','[]',0,'2020-07-14 05:25:33','2020-07-14 05:25:33','2021-07-14 10:55:33'),('7015cbe8de7fbfc5f50d7646cc6e98e7859573915c2fed4b8261f273fa4d05d047fa09ccb7f9da06',5,1,'Personal Access Token','[]',1,'2020-07-12 04:04:02','2020-07-12 04:04:02','2021-07-12 09:34:02'),('722a24a6a0fa0a98d45df06e61520088d2f9f3dc270ef20b1159c4a7106ea5a405690b43231b8cab',2,1,'Personal Access Token','[]',1,'2020-06-19 11:24:34','2020-06-19 11:24:34','2021-06-19 16:54:34'),('738f23bd009b4c8806c0e7509eed7461f30c8e020bd99050b373bfa9b87cda821c33cb5e5974e779',2,1,'Personal Access Token','[]',1,'2020-06-18 05:09:09','2020-06-18 05:09:09','2021-06-18 10:39:09'),('7541da501915db9bdb80ecf076fa73e24415eadd718954ffb7b44942bf4069da79414fb4fd5d363e',5,1,'Personal Access Token','[]',0,'2020-06-18 11:25:08','2020-06-18 11:25:08','2021-06-18 16:55:08'),('75a2c8f360433f5db1052229cc768b676011602d1fbc353a70b1738be763099f7a951771a9df08e6',2,1,'Personal Access Token','[]',1,'2020-06-18 05:52:35','2020-06-18 05:52:35','2021-06-18 11:22:35'),('775f3195cc16dff88ccca47bdae94ed592c79466c17d4e12edfba19925185b7bb821c65ffedd5ee7',2,1,'Personal Access Token','[]',1,'2020-06-19 10:55:25','2020-06-19 10:55:25','2021-06-19 16:25:25'),('77fb2bfd9cf85b9132aebfbca4d594e24b3dc9ad83b5307cf161d86ef1f7df06712daff3e51423f0',2,1,'Personal Access Token','[]',1,'2020-06-18 05:09:28','2020-06-18 05:09:28','2021-06-18 10:39:28'),('7a5f21c563f07af5f805109676bc2fbea175c4fc55e300d4eba0764a8e16b4dcc88d17756e310cc0',5,1,'Personal Access Token','[]',1,'2020-07-12 04:27:07','2020-07-12 04:27:07','2021-07-12 09:57:07'),('7b823fd110c0b43e3c19d565008e76c58aecbb7e84aeae2bf71561034050503e95b7ba2dc2ac8c9d',5,1,'Personal Access Token','[]',0,'2020-06-19 12:44:13','2020-06-19 12:44:13','2021-06-19 18:14:13'),('7d633c8123c031c97a80f6c2ed105c23c83b0d18710576148b73de8f057a4bec2d36383e142f7438',5,1,'Personal Access Token','[]',1,'2020-06-19 13:24:32','2020-06-19 13:24:32','2021-06-19 18:54:32'),('810180c95320b47b5dc02ae3d579f74a56cff49cc2701c0f3354bd667dfa63bf431fa25952427e81',5,1,'Personal Access Token','[]',1,'2020-06-19 13:02:04','2020-06-19 13:02:04','2021-06-19 18:32:04'),('81605988f183362cca4a787be380f0c629c4218207dfbefb8b225a7c61e5cf07e40962f48589003a',5,1,'Personal Access Token','[]',1,'2020-06-19 12:58:07','2020-06-19 12:58:07','2021-06-19 18:28:07'),('829c6b4f3d2cea802cc8485a04fad1fc15bc96211e9ff0183096b3f042737228e4803308aa78cd41',2,1,'Personal Access Token','[]',1,'2020-06-19 12:39:32','2020-06-19 12:39:32','2021-06-19 18:09:32'),('83b9a11f4a73790cd5de1901506f57297b9774e321676cbfe77dc4cc7b389df5a1b9c74078de9093',5,1,'Personal Access Token','[]',1,'2020-06-20 01:18:40','2020-06-20 01:18:40','2021-06-20 06:48:40'),('84115f86361baabd0d6cb0db4aff148440b379ee821bbc3161f48d5474fb3f807070b0a30c4fc6f6',5,1,'Personal Access Token','[]',1,'2020-06-20 01:04:01','2020-06-20 01:04:01','2021-06-20 06:34:01'),('84aeffe982dd98bf1244493844ccdc69624a7710fe1437ab332d579e0bd102ab4b0cce22883a7a80',5,1,'Personal Access Token','[]',0,'2020-07-14 05:21:31','2020-07-14 05:21:31','2021-07-14 10:51:31'),('861f38ed8e78a6bb25ff8d3b6bf3d972de1c1eb97010f8498d3782259779640d619f9548541a66d8',5,1,'Personal Access Token','[]',1,'2020-06-20 06:34:44','2020-06-20 06:34:44','2021-06-20 12:04:44'),('898edaa8bf29fe689e439a94a20a670f0554fabefda64944259c2498bd6d714e1642e9f789157cc5',3,1,'Personal Access Token','[]',0,'2020-07-14 06:00:16','2020-07-14 06:00:16','2021-07-14 11:30:16'),('8c59c8d765804f7f761c1c5a0755fedf453e295489320f32eb472ac5f1401a7667b81fea8f67e78b',5,1,'Personal Access Token','[]',0,'2020-07-14 07:54:59','2020-07-14 07:54:59','2021-07-14 13:24:59'),('8eab7e0b479e4bcd080cf824b8b970eab79b8943eea2e51cdb3992cad7ebf30cb998872201604d47',2,1,'Personal Access Token','[]',1,'2020-06-19 11:44:40','2020-06-19 11:44:40','2021-06-19 17:14:40'),('937fb847025136b0d10542046b1d8a70ee05394d3a292aa839eed4fd7d5aa756db5bf542c02687e8',2,1,'Personal Access Token','[]',0,'2020-07-11 04:59:26','2020-07-11 04:59:26','2021-07-11 10:29:26'),('93c0ad0625d9b35523d354b87c72ad6bffa53ea2f44b4e577710985f085f9519038eff7ba8462493',6,1,'Personal Access Token','[]',0,'2020-06-16 10:16:45','2020-06-16 10:16:45','2021-06-16 15:46:45'),('93f4459272dee1c2898545640ffcdc9e4f94d00a20fd1147968389db163483ce0e5f695a0d1467ca',5,1,'Personal Access Token','[]',0,'2020-07-14 05:29:04','2020-07-14 05:29:04','2021-07-14 10:59:04'),('94e5c063f9893b3840bea00cb5ee2784e8e87cab6e803e1e6d243d5c05536f1149dd92dd8c01e51e',6,1,'Personal Access Token','[]',0,'2020-06-16 10:13:25','2020-06-16 10:13:25','2021-06-16 15:43:25'),('954f5db53589c7c08ac844e55fdfab48391c5abce51b9426e06b795ccd1581393ee481de75b94b65',5,1,'Personal Access Token','[]',0,'2020-07-14 07:19:07','2020-07-14 07:19:07','2021-07-14 12:49:07'),('96d1cff5816321c6f257215afbab2dc7fd050bc3d3fcbd2912a5cf46e8245b4f676bb9a1d6eb7ef3',5,1,'Personal Access Token','[]',0,'2020-06-26 07:51:39','2020-06-26 07:51:39','2021-06-26 13:21:39'),('9afe4453d87ebe3d34277e19feb761f1d7e3eaefa1133d6031792957390db4dd0088915b8412e192',6,1,'Personal Access Token','[]',0,'2020-06-16 10:13:28','2020-06-16 10:13:28','2021-06-16 15:43:28'),('9b3a0de83a8af4f70ce6819d2cf9e63f6d3f78d068773691beba263ab0009dfb6448186765d1dfae',5,1,'Personal Access Token','[]',0,'2020-07-14 07:56:30','2020-07-14 07:56:30','2021-07-14 13:26:30'),('9b4a17c4cc2e4c8905b7ba4cc65ab2d508e737b7df2abee7f9ba02cb284d0d51bb19da1fbab98077',2,1,'Personal Access Token','[]',1,'2020-06-18 05:07:58','2020-06-18 05:07:58','2021-06-18 10:37:58'),('9b62fb994d5fecb992da44dda3c271916d7bd368b988028bad290fa6d5bc9ee612a8a3fa164f4113',5,1,'Personal Access Token','[]',1,'2020-06-19 13:05:32','2020-06-19 13:05:32','2021-06-19 18:35:32'),('9cdff60d6dc9e0bad3a418ed2b64041385a8b8f736d7be4d0b330198df93e390a453da6bc2aafab4',5,1,'Personal Access Token','[]',0,'2020-06-20 06:39:54','2020-06-20 06:39:54','2021-06-20 12:09:54'),('9da1b0dcce88cb9159064611765261342b0eb8ed07b98880dd2082614684939a4603f92193a7fe83',5,1,'Personal Access Token','[]',0,'2020-07-14 05:32:18','2020-07-14 05:32:18','2021-07-14 11:02:18'),('9f795633e39311dc57b743e60bf7f179627962c8e9768be8d3ab6b0fb0c40ec4d39fab0cc3b628dd',2,1,'Personal Access Token','[]',1,'2020-06-18 04:49:31','2020-06-18 04:49:31','2021-06-18 10:19:31'),('a033650eb6c03a7d06be38be8b4011d8e0cb31a7186b8c6f06bca6d4bee475d869b93a5a856da477',2,1,'Personal Access Token','[]',1,'2020-06-18 05:01:27','2020-06-18 05:01:27','2021-06-18 10:31:27'),('a0d26d9d48d695a39565a257c0ead832d16d71fde1c7dce8f7c47f3280934786ade7f40e5ee27c8c',5,1,'Personal Access Token','[]',1,'2020-06-19 12:54:11','2020-06-19 12:54:11','2021-06-19 18:24:11'),('a0e5b10d5d31df2b31381301f3f9bad32993ab4a2731fbc6bdbf2b7e7cd07edb1d5b7921c82a233d',2,1,'Personal Access Token','[]',1,'2020-06-18 05:43:38','2020-06-18 05:43:38','2021-06-18 11:13:38'),('a10aa05c161e43e761712ab07e75794447448609733048cd57142b5ba587747c4380476ce66589b1',5,1,'Personal Access Token','[]',0,'2020-07-14 05:24:07','2020-07-14 05:24:07','2021-07-14 10:54:07'),('a1f171a15df65fca08f225ad2a8698be56cfc35d6ef90aa34b79c7fc67d5c3a1d166230bbfd42131',5,1,'Personal Access Token','[]',0,'2020-06-19 13:00:10','2020-06-19 13:00:10','2021-06-19 18:30:10'),('a2a0c1724434336ce21aa155edc03ec19a1319c3400a128c424c23f83762477b2ca8783812622fa3',5,1,'Personal Access Token','[]',0,'2020-07-14 07:51:41','2020-07-14 07:51:41','2021-07-14 13:21:41'),('a318ca7f290e682e032cb5b4dcbfeded110a9569bc75c21c1bca60aec8c52ea1d9bc1abc775d7d1b',6,1,'Personal Access Token','[]',0,'2020-06-16 10:13:27','2020-06-16 10:13:27','2021-06-16 15:43:27'),('a3b46973373858b8620b434801489b0f4110bedab15bf1514a2d66b6f085d797117531f212c0aa89',2,1,'Personal Access Token','[]',1,'2020-06-18 04:40:59','2020-06-18 04:40:59','2021-06-18 10:10:59'),('a44ecc407a4c042697ffea32ab5fad2562ef8fc08a52c6f77513ae99d2a4d4f3c21aad9061a0cea9',2,1,'Personal Access Token','[]',1,'2020-06-18 05:23:13','2020-06-18 05:23:13','2021-06-18 10:53:13'),('a4f071d2643706fc0d8be03450a2e4c72acf4a45ddf90af11d36b582e6998b2baa28ad1099802754',5,1,'Personal Access Token','[]',1,'2020-06-19 11:57:43','2020-06-19 11:57:43','2021-06-19 17:27:43'),('a812ef5614cc46bf10638acf23f093e87250801a6ba99643c1c45f4b3054388273868cf807d15aff',1,1,'Personal Access Token','[]',1,'2020-06-15 06:06:30','2020-06-15 06:06:30','2020-06-22 11:36:30'),('abda724a2ff6f153683de8f86f0d2b660672b5bee5a99dbe74a2b37e70636e5c5c71b0e15b68f451',5,1,'Personal Access Token','[]',0,'2020-06-25 03:15:19','2020-06-25 03:15:19','2021-06-25 08:45:19'),('ae2594bf5a7ed0ef9ca149b113fc63a7db13f6c4dffe6ff50928aa2173e3c6c521f1640b624041f4',5,1,'Personal Access Token','[]',1,'2020-06-19 12:48:39','2020-06-19 12:48:39','2021-06-19 18:18:39'),('ae72206bfdf84895fe206cb4e5b614f13bc397c5546393420c0e5e2cdf99ad188055d8c55394676c',5,1,'Personal Access Token','[]',0,'2020-07-12 05:55:24','2020-07-12 05:55:24','2021-07-12 11:25:24'),('af349eb1d0242b01e2dd72e061781a7952dcccd6ba5d6154e594022c042050f6ed8fda46b308e113',5,1,'Personal Access Token','[]',0,'2020-06-26 07:47:30','2020-06-26 07:47:30','2021-06-26 13:17:30'),('b0f07c7f99be4d8912f618fb3e9a48cde3d952b680f8b20859805409e6d4b0546bd6557a4425e1f6',5,1,'Personal Access Token','[]',0,'2020-07-14 05:53:50','2020-07-14 05:53:50','2021-07-14 11:23:50'),('b1a3ab6ca281ef8bcf374b0de7e068448e94824b9d4db613d753284832c35dde04ccb01bc6fd98cc',2,1,'Personal Access Token','[]',0,'2020-06-18 05:10:19','2020-06-18 05:10:19','2021-06-18 10:40:19'),('b22d7fa6e85f2e2dc9ed7036a754e4178e31a61f7be3c2d866881cabe57900ee8dce26643dcf005f',5,1,'Personal Access Token','[]',0,'2020-07-14 06:36:42','2020-07-14 06:36:42','2021-07-14 12:06:42'),('b2d2d7e5713ec4887509f239556e059f23b70c60ff34c8617f26cdb3ea2c8726d11cd4a7f4c29837',2,1,'Personal Access Token','[]',1,'2020-06-19 11:29:11','2020-06-19 11:29:11','2021-06-19 16:59:11'),('b4f51ce4a4d179fb899f388898c8d770245a57915cf0ab414b65eb9141773b97859bc06091190f8b',2,1,'Personal Access Token','[]',1,'2020-06-19 11:07:48','2020-06-19 11:07:48','2021-06-19 16:37:48'),('b59e42172d4694499b03d29632430540024161cc4f08e6b84f3be54326379a3056c9902342e17aa0',2,1,'Personal Access Token','[]',1,'2020-06-19 11:52:04','2020-06-19 11:52:04','2021-06-19 17:22:04'),('b79ec3b32a8564659122e1eb4d6a7e7f2fd355a6fb02069f6adf66fdfb980de84daf0f2554ea2f71',5,1,'Personal Access Token','[]',0,'2020-07-06 10:41:37','2020-07-06 10:41:37','2021-07-06 16:11:37'),('b7c37f2e07dd70ce785d73763bf02dc437946de8ab6edad64d6b7e00c49d7e02b64fb2998432b84b',5,1,'Personal Access Token','[]',1,'2020-07-12 05:59:29','2020-07-12 05:59:29','2021-07-12 11:29:29'),('b9f1878d47bef6c7582dcbecb19d1a3ff900db40614ce3c7e98fa8a7aab1ca60d1f7fc7e2524d9b2',5,1,'Personal Access Token','[]',0,'2020-07-14 05:48:35','2020-07-14 05:48:35','2021-07-14 11:18:35'),('bc99967d2bd346e28f0c83524062e6af30d0e51a666c62263663e07d9d3007cf6528d24960088ff6',2,1,'Personal Access Token','[]',0,'2020-07-11 04:52:09','2020-07-11 04:52:09','2021-07-11 10:22:09'),('be3b3af93153833db1656d2e3cec6467069a6b748aa86ac64ccf8c74e10b53c6b6d0de79f354d79f',2,1,'Personal Access Token','[]',1,'2020-06-19 11:41:28','2020-06-19 11:41:28','2021-06-19 17:11:28'),('be3fb2fccdb7dc839a957361118585488dfdc06866b92a6517752b2df4c24581e3dd094c2fd2f5f0',5,1,'Personal Access Token','[]',0,'2020-06-29 08:22:23','2020-06-29 08:22:23','2021-06-29 13:52:23'),('bedb285934f528bfcceb1756ae29c7e1d9e2c46657f20c3a810f02acd59a0674a51ea59b9e2d52a8',2,1,'Personal Access Token','[]',1,'2020-06-18 04:07:29','2020-06-18 04:07:29','2021-06-18 09:37:29'),('bffb1fb06c40297b8104ca7ef1da31a8986f014391fa30eb34744fad1de9001b4b4c125f139f97d2',2,1,'Personal Access Token','[]',1,'2020-06-18 05:22:15','2020-06-18 05:22:15','2021-06-18 10:52:15'),('c3a7604ee8e90199d952f119c9e93a61d70f8a9a767b67ce07c9257236a6dcdaa5411a0ab748d1d2',5,1,'Personal Access Token','[]',0,'2020-06-19 13:03:12','2020-06-19 13:03:12','2021-06-19 18:33:12'),('c4c5371313d2e03939142cc7534d898d94483bbb4f84b4c65829789152629b08628c3d7dfe2012a3',5,1,'Personal Access Token','[]',1,'2020-06-20 01:21:32','2020-06-20 01:21:32','2021-06-20 06:51:32'),('c57fa6d048cc03ed1bfd1f79a3bcdf15ecd05049935d00b7fe6a5ebba861ad6cc2356688cb852e5b',5,1,'Personal Access Token','[]',0,'2020-06-19 12:41:55','2020-06-19 12:41:55','2021-06-19 18:11:55'),('c7bd06d8f114c4357553dfd3a7ea6079c39537cd68fef69db6b60f644a67f4392e1390edb341c4a2',2,1,'Personal Access Token','[]',1,'2020-06-18 05:44:56','2020-06-18 05:44:56','2021-06-18 11:14:56'),('c8311055c4d2713f1bdd379abfcff133a541da4209233f048b7bbaef52784bfeb67c2e6fff48d07f',5,1,'Personal Access Token','[]',0,'2020-07-14 05:57:36','2020-07-14 05:57:36','2021-07-14 11:27:36'),('c9e60f6c62ce071d11a40f26ca708c2bf11e485f418b347f1a9555e09e3a6559547e65dae41af0c4',2,1,'Personal Access Token','[]',1,'2020-06-18 05:14:56','2020-06-18 05:14:56','2021-06-18 10:44:56'),('c9f8c6137e020d0daec47c0379de68ef4a180448da083e0a39f27c24bd33e72c4366833e8e02fea3',5,1,'Personal Access Token','[]',0,'2020-06-19 10:56:08','2020-06-19 10:56:08','2021-06-19 16:26:08'),('cb0aedbb7a77395cc720d0d820463faccf28300245454d79bbd5258a989ffbb53264c1fa7ce23afd',2,1,'Personal Access Token','[]',1,'2020-06-18 04:17:15','2020-06-18 04:17:15','2021-06-18 09:47:15'),('ce8f80f95653c4a8383a6c127a65a1ad8b8ede5a86a3265a4847c69d0d45c1c4ab044e538af1ba67',5,1,'Personal Access Token','[]',0,'2020-07-14 05:30:42','2020-07-14 05:30:42','2021-07-14 11:00:42'),('d54a0c129832efe5c55fa2805559c3402a57539e07de3f8d634a6d034a6b7fc3190778c78c92d464',5,1,'Personal Access Token','[]',1,'2020-06-20 01:21:04','2020-06-20 01:21:04','2021-06-20 06:51:04'),('d6cbe88ba57e44e2ab409e7111a49366b1b99e4ef6a4c62e539e585dd81e69a8825676f3b63e5ea1',5,1,'Personal Access Token','[]',1,'2020-06-20 00:53:23','2020-06-20 00:53:23','2021-06-20 06:23:23'),('d6d1cec1a6336829700c89717f899e544b82bcb4cd18354e1fa167d99051fe97c5baa9ecf2fbe52f',5,1,'Personal Access Token','[]',1,'2020-06-20 00:58:11','2020-06-20 00:58:11','2021-06-20 06:28:11'),('d6efc6e48747785f59f8bc17ee990d5874481ce4cd07c00dae663b2eefb5032ef41f3df318d471e4',2,1,'Personal Access Token','[]',0,'2020-06-16 10:10:12','2020-06-16 10:10:12','2021-06-16 15:40:12'),('da06f1de202fd2fb6d6a2a727b1a7c6fc2a7f94f83ec5c56706f156e0a4ba9ce4206368e0321eee0',2,1,'Personal Access Token','[]',1,'2020-06-19 11:23:54','2020-06-19 11:23:54','2021-06-19 16:53:54'),('da59b15d6e1e4cb2086a4aa32bb4c54f5b039907d3d574e8bb18ca341b8428f8ff319e60073e7bc2',6,1,'Personal Access Token','[]',0,'2020-06-25 03:16:36','2020-06-25 03:16:36','2021-06-25 08:46:36'),('da8a865c8d2e5a9046bb9afbc94506eb35f29a3e4e1044bd96439ee4c5056a0952bb1010a5d5c529',5,1,'Personal Access Token','[]',0,'2020-07-14 07:14:54','2020-07-14 07:14:54','2021-07-14 12:44:54'),('daef920a26f6cab65cf8ae66f715c22cb0fd8a0b8fde76e1e8759ee8150e02e6da042d588d483a1b',2,1,'Personal Access Token','[]',0,'2020-06-19 11:22:37','2020-06-19 11:22:37','2021-06-19 16:52:37'),('db3cf3935bec5d22cc6aaa2a82d62ddc2a73c00da03cd93e64266c53f603e22ea6f339a3beb60bf5',5,1,'Personal Access Token','[]',1,'2020-07-12 05:21:25','2020-07-12 05:21:25','2021-07-12 10:51:25'),('dbb13d043ba9fd44059902359b0281c2fff8da6cae4e4ccd41c810354b612f68235e6c84830c38a2',2,1,'Personal Access Token','[]',1,'2020-06-20 05:24:48','2020-06-20 05:24:48','2021-06-20 10:54:48'),('dc48bb6827f51a57f31fb7c134ccdbdf4cf5a2bd6201aaa4a0e8f559212ee9e00f2df7aace12cac8',2,1,'Personal Access Token','[]',1,'2020-06-19 11:44:20','2020-06-19 11:44:20','2021-06-19 17:14:20'),('dc8ffed60d00d27e687e924b023016afa7f37656d4ff45293ce70354ddd6201509ae329c24b9a211',5,1,'Personal Access Token','[]',0,'2020-06-25 07:36:03','2020-06-25 07:36:03','2021-06-25 13:06:03'),('de9e4977ee494775c82af846eace379b900aefce36ff65c8a00fe5e414d786791579e612b1f6aed5',5,1,'Personal Access Token','[]',1,'2020-06-20 00:49:54','2020-06-20 00:49:54','2021-06-20 06:19:54'),('deb5ceae06f90ecc8824ffd621196a1dc8786ebe335c568073c05c572f8d9e2f38d18379ccd2891f',2,1,'Personal Access Token','[]',1,'2020-06-18 05:50:39','2020-06-18 05:50:39','2021-06-18 11:20:39'),('decf2e096745573125e3410b582cacfe757f6a1a4dfbba27e6b8a32a93a67ec0e97a6bfdf5b55d02',2,1,'Personal Access Token','[]',1,'2020-06-18 05:40:57','2020-06-18 05:40:57','2021-06-18 11:10:57'),('dfdf41f65423a545862432aa5635ad3d743dd0869c18531570c97ae969fb4e844980476ea7ad79e7',5,1,'Personal Access Token','[]',0,'2020-07-14 05:36:39','2020-07-14 05:36:39','2021-07-14 11:06:39'),('e07572953c175044c6f10656fdb7ca2c410e86d53a076b5013e57baef6fa3467602fed5cd3068c23',2,1,'Personal Access Token','[]',0,'2020-06-16 10:10:14','2020-06-16 10:10:14','2021-06-16 15:40:14'),('e11ce4dc4f42622b56859b521502bca837014fc3871f3af5343645098320f6acde8f39cbb90a8510',2,1,'Personal Access Token','[]',1,'2020-06-18 04:31:42','2020-06-18 04:31:42','2021-06-18 10:01:42'),('e2f4891ee5b56b6671e86c6b45a4ada7fa197816c83a276c0d0610e98aefa4c2c3bd37fe0126b360',5,1,'Personal Access Token','[]',0,'2020-06-26 07:37:34','2020-06-26 07:37:34','2021-06-26 13:07:34'),('e3db4a6819c474621f65613c09b6446b788519f2246fb8f6975cf791145ee6532a2ce69263c57126',5,1,'Personal Access Token','[]',0,'2020-06-20 01:06:42','2020-06-20 01:06:42','2021-06-20 06:36:42'),('e40458bdf2a8b144ff9b7869edc321b5afd53dae5032b687ae126688f4d623f622daae91950e56c3',2,1,'Personal Access Token','[]',0,'2020-06-16 10:10:24','2020-06-16 10:10:24','2021-06-16 15:40:24'),('e4611129d65854eed23147987f2fdfb13e4f7a83232df9e8b4a2e32813ace9fad51f76dcc214eb4a',5,1,'Personal Access Token','[]',0,'2020-07-14 05:37:50','2020-07-14 05:37:50','2021-07-14 11:07:50'),('e50c477abdd7f669b5a1fc07a11c8c511c84773c0e436e1a889debe07273fc65c757914b7d8a503d',6,1,'Personal Access Token','[]',0,'2020-06-16 10:15:37','2020-06-16 10:15:37','2021-06-16 15:45:37'),('e683e9d49c0506890ff66b304c4c6abd55e75b7495c9a7fb7de70ea1bf11e54187155ef32e6f409a',2,1,'Personal Access Token','[]',0,'2020-06-20 00:49:28','2020-06-20 00:49:28','2021-06-20 06:19:28'),('e95ca784aae61dd39cb80571adaa1bee2c94664f14490bea08b0382724aad5d95186f2abff281e93',5,1,'Personal Access Token','[]',0,'2020-07-12 05:51:29','2020-07-12 05:51:29','2021-07-12 11:21:29'),('ea1b9b228b06ec3f07ea414edb53de724e1b177e92c78a3f8a92a2e7321e9d46b64793aa4c59abca',2,1,'Personal Access Token','[]',1,'2020-06-18 04:56:25','2020-06-18 04:56:25','2021-06-18 10:26:25'),('ead88fc110a9475b72338cdc7b619fefdb21307c0e158ea61ad87d785abc87abf0a0115934ed5702',2,1,'Personal Access Token','[]',0,'2020-07-11 04:47:15','2020-07-11 04:47:15','2021-07-11 10:17:15'),('ebe88ab88343d8ae845139d792c045a429d4f0fbc90231c00441219b1f6b3b12ec7f6bddfcbd281e',5,1,'Personal Access Token','[]',0,'2020-07-14 07:28:27','2020-07-14 07:28:27','2021-07-14 12:58:27'),('ed939ea5af374552b8370e415b9cb401038fa4fe2c21b108e3252e112516f4f06464a62b4d944be2',5,1,'Personal Access Token','[]',0,'2020-07-12 05:19:22','2020-07-12 05:19:22','2021-07-12 10:49:22'),('ed96d1b0a8aa3b9aaf7cdce1813723ec4d8436c8e13530c29894c356646139f82e2cad451c31f4dd',5,1,'Personal Access Token','[]',0,'2020-06-20 11:19:37','2020-06-20 11:19:37','2021-06-20 16:49:37'),('ede6daf0572dff48ddea9df8a16a87f57146b3a1e54cca9801de5af38e50dd3ad18394af65bf8d1f',5,1,'Personal Access Token','[]',0,'2020-07-11 03:52:10','2020-07-11 03:52:10','2021-07-11 09:22:10'),('efc3ffb7d6432434e0099503f5bd744667ea4982d12c5d1992650635461545474252e4fc63d94ce7',5,1,'Personal Access Token','[]',0,'2020-06-19 04:37:46','2020-06-19 04:37:46','2021-06-19 10:07:46'),('eff0930054a85394337ffe4447a99eed8e166175eb730554a15762f464c5ec31ada6ff6427b5d10c',5,1,'Personal Access Token','[]',0,'2020-06-26 07:42:21','2020-06-26 07:42:21','2021-06-26 13:12:21'),('f1692a9c590308432bf8500519088186e3502baf07a6b83df1803b2dabe8dccd562e647860bf5921',5,1,'Personal Access Token','[]',1,'2020-06-20 01:12:59','2020-06-20 01:12:59','2021-06-20 06:42:59'),('f43e4acc7c2a844b63416862c7a96a405ae42fb91f9495094f711ff426f19251b5aa24411685e002',2,1,'Personal Access Token','[]',1,'2020-06-18 04:09:47','2020-06-18 04:09:47','2021-06-18 09:39:47'),('f50b0ee9bd3f32b9ca328d85efe0e2ea1b30c324af3dc35ca258b80ac0efeb4b56bcf539ed83f7cd',2,1,'Personal Access Token','[]',0,'2020-06-19 12:51:00','2020-06-19 12:51:00','2021-06-19 18:21:00'),('f6ccb955890bf2d77cb972c285e5ae26b008b2ce8c15e0f74c412afe0a7d61d1a91ee90f96fc25be',2,1,'Personal Access Token','[]',1,'2020-06-19 11:28:25','2020-06-19 11:28:25','2021-06-19 16:58:25'),('f8181591d00b852260e4326ebcb2b053bb0c57ae8dca39f367bd748399d0f3ba0ccbeacce6bc283e',2,1,'Personal Access Token','[]',0,'2020-06-16 10:10:11','2020-06-16 10:10:11','2021-06-16 15:40:11'),('f978c7d7084e9fcdd9e19ac8a34f34a35c9e9d75584efa7f1a49a61454ebd1b132ee2a6105a0d43d',6,1,'Personal Access Token','[]',0,'2020-06-16 10:12:45','2020-06-16 10:12:45','2021-06-16 15:42:45'),('fe677fb2d7053de3acf9595627c242f94e5854bc934770bef5d86828454acc154400c227db9f6590',5,1,'Personal Access Token','[]',0,'2020-07-14 05:42:27','2020-07-14 05:42:27','2021-07-14 11:12:27');
/*!40000 ALTER TABLE `oauth_access_tokens` ENABLE KEYS */;
UNLOCK TABLES;

--
-- Table structure for table `oauth_auth_codes`
--

DROP TABLE IF EXISTS `oauth_auth_codes`;
/*!40101 SET @saved_cs_client     = @@character_set_client */;
/*!40101 SET character_set_client = utf8 */;
CREATE TABLE `oauth_auth_codes` (
  `id` varchar(100) COLLATE utf8mb4_unicode_ci NOT NULL,
  `user_id` bigint(20) unsigned NOT NULL,
  `client_id` bigint(20) unsigned NOT NULL,
  `scopes` text COLLATE utf8mb4_unicode_ci,
  `revoked` tinyint(1) NOT NULL,
  `expires_at` datetime DEFAULT NULL,
  PRIMARY KEY (`id`),
  KEY `oauth_auth_codes_user_id_index` (`user_id`)
) ENGINE=InnoDB DEFAULT CHARSET=utf8mb4 COLLATE=utf8mb4_unicode_ci;
/*!40101 SET character_set_client = @saved_cs_client */;

--
-- Dumping data for table `oauth_auth_codes`
--

LOCK TABLES `oauth_auth_codes` WRITE;
/*!40000 ALTER TABLE `oauth_auth_codes` DISABLE KEYS */;
/*!40000 ALTER TABLE `oauth_auth_codes` ENABLE KEYS */;
UNLOCK TABLES;

--
-- Table structure for table `oauth_clients`
--

DROP TABLE IF EXISTS `oauth_clients`;
/*!40101 SET @saved_cs_client     = @@character_set_client */;
/*!40101 SET character_set_client = utf8 */;
CREATE TABLE `oauth_clients` (
  `id` bigint(20) unsigned NOT NULL AUTO_INCREMENT,
  `user_id` bigint(20) unsigned DEFAULT NULL,
  `name` varchar(255) COLLATE utf8mb4_unicode_ci NOT NULL,
  `secret` varchar(100) COLLATE utf8mb4_unicode_ci DEFAULT NULL,
  `provider` varchar(255) COLLATE utf8mb4_unicode_ci DEFAULT NULL,
  `redirect` text COLLATE utf8mb4_unicode_ci NOT NULL,
  `personal_access_client` tinyint(1) NOT NULL,
  `password_client` tinyint(1) NOT NULL,
  `revoked` tinyint(1) NOT NULL,
  `created_at` timestamp NULL DEFAULT NULL,
  `updated_at` timestamp NULL DEFAULT NULL,
  PRIMARY KEY (`id`),
  KEY `oauth_clients_user_id_index` (`user_id`)
) ENGINE=InnoDB AUTO_INCREMENT=3 DEFAULT CHARSET=utf8mb4 COLLATE=utf8mb4_unicode_ci;
/*!40101 SET character_set_client = @saved_cs_client */;

--
-- Dumping data for table `oauth_clients`
--

LOCK TABLES `oauth_clients` WRITE;
/*!40000 ALTER TABLE `oauth_clients` DISABLE KEYS */;
INSERT INTO `oauth_clients` VALUES (1,NULL,'Laravel Personal Access Client','MiC4j7R80O8fEAKTHE2owcX4O0ou8FPk2T5XU6Al',NULL,'http://localhost',1,0,0,'2020-06-15 05:59:57','2020-06-15 05:59:57'),(2,NULL,'Laravel Password Grant Client','fx7vbIfcsY4cv5b1k6vjfHnsKNj0I9FYJJX5Mlgl','users','http://localhost',0,1,0,'2020-06-15 05:59:57','2020-06-15 05:59:57');
/*!40000 ALTER TABLE `oauth_clients` ENABLE KEYS */;
UNLOCK TABLES;

--
-- Table structure for table `oauth_personal_access_clients`
--

DROP TABLE IF EXISTS `oauth_personal_access_clients`;
/*!40101 SET @saved_cs_client     = @@character_set_client */;
/*!40101 SET character_set_client = utf8 */;
CREATE TABLE `oauth_personal_access_clients` (
  `id` bigint(20) unsigned NOT NULL AUTO_INCREMENT,
  `client_id` bigint(20) unsigned NOT NULL,
  `created_at` timestamp NULL DEFAULT NULL,
  `updated_at` timestamp NULL DEFAULT NULL,
  PRIMARY KEY (`id`)
) ENGINE=InnoDB AUTO_INCREMENT=2 DEFAULT CHARSET=utf8mb4 COLLATE=utf8mb4_unicode_ci;
/*!40101 SET character_set_client = @saved_cs_client */;

--
-- Dumping data for table `oauth_personal_access_clients`
--

LOCK TABLES `oauth_personal_access_clients` WRITE;
/*!40000 ALTER TABLE `oauth_personal_access_clients` DISABLE KEYS */;
INSERT INTO `oauth_personal_access_clients` VALUES (1,1,'2020-06-15 05:59:57','2020-06-15 05:59:57');
/*!40000 ALTER TABLE `oauth_personal_access_clients` ENABLE KEYS */;
UNLOCK TABLES;

--
-- Table structure for table `oauth_refresh_tokens`
--

DROP TABLE IF EXISTS `oauth_refresh_tokens`;
/*!40101 SET @saved_cs_client     = @@character_set_client */;
/*!40101 SET character_set_client = utf8 */;
CREATE TABLE `oauth_refresh_tokens` (
  `id` varchar(100) COLLATE utf8mb4_unicode_ci NOT NULL,
  `access_token_id` varchar(100) COLLATE utf8mb4_unicode_ci NOT NULL,
  `revoked` tinyint(1) NOT NULL,
  `expires_at` datetime DEFAULT NULL,
  PRIMARY KEY (`id`)
) ENGINE=InnoDB DEFAULT CHARSET=utf8mb4 COLLATE=utf8mb4_unicode_ci;
/*!40101 SET character_set_client = @saved_cs_client */;

--
-- Dumping data for table `oauth_refresh_tokens`
--

LOCK TABLES `oauth_refresh_tokens` WRITE;
/*!40000 ALTER TABLE `oauth_refresh_tokens` DISABLE KEYS */;
/*!40000 ALTER TABLE `oauth_refresh_tokens` ENABLE KEYS */;
UNLOCK TABLES;

--
-- Table structure for table `password_resets`
--

DROP TABLE IF EXISTS `password_resets`;
/*!40101 SET @saved_cs_client     = @@character_set_client */;
/*!40101 SET character_set_client = utf8 */;
CREATE TABLE `password_resets` (
  `email` varchar(255) COLLATE utf8mb4_unicode_ci NOT NULL,
  `token` varchar(255) COLLATE utf8mb4_unicode_ci NOT NULL,
  `created_at` timestamp NULL DEFAULT NULL,
  KEY `password_resets_email_index` (`email`)
) ENGINE=InnoDB DEFAULT CHARSET=utf8mb4 COLLATE=utf8mb4_unicode_ci;
/*!40101 SET character_set_client = @saved_cs_client */;

--
-- Dumping data for table `password_resets`
--

LOCK TABLES `password_resets` WRITE;
/*!40000 ALTER TABLE `password_resets` DISABLE KEYS */;
/*!40000 ALTER TABLE `password_resets` ENABLE KEYS */;
UNLOCK TABLES;

--
-- Table structure for table `user_channel`
--

DROP TABLE IF EXISTS `user_channel`;
/*!40101 SET @saved_cs_client     = @@character_set_client */;
/*!40101 SET character_set_client = utf8 */;
CREATE TABLE `user_channel` (
  `user_id` bigint(20) unsigned NOT NULL,
  `channel_id` bigint(20) unsigned NOT NULL,
  `created_at` timestamp NULL DEFAULT NULL,
  `updated_at` timestamp NULL DEFAULT NULL,
  KEY `user_channel_user_id_foreign` (`user_id`),
  KEY `user_channel_channel_id_foreign` (`channel_id`),
  CONSTRAINT `user_channel_channel_id_foreign` FOREIGN KEY (`channel_id`) REFERENCES `channels` (`id`),
  CONSTRAINT `user_channel_user_id_foreign` FOREIGN KEY (`user_id`) REFERENCES `users` (`id`)
) ENGINE=InnoDB DEFAULT CHARSET=utf8mb4 COLLATE=utf8mb4_unicode_ci;
/*!40101 SET character_set_client = @saved_cs_client */;

--
-- Dumping data for table `user_channel`
--

LOCK TABLES `user_channel` WRITE;
/*!40000 ALTER TABLE `user_channel` DISABLE KEYS */;
INSERT INTO `user_channel` VALUES (1,2,'2020-06-22 03:27:08','2020-06-22 03:27:08'),(2,2,'2020-06-22 03:28:25','2020-06-22 03:28:25'),(2,2,'2020-06-22 03:29:30','2020-06-22 03:29:30'),(2,2,'2020-06-22 03:30:19','2020-06-22 03:30:19'),(2,3,'2020-06-23 02:43:28','2020-06-23 02:43:28'),(3,3,'2020-06-23 02:43:28','2020-06-23 02:43:28'),(2,4,'2020-06-23 10:59:12','2020-06-23 10:59:12'),(6,4,'2020-06-23 10:59:12','2020-06-23 10:59:12'),(2,6,'2020-06-24 11:06:23','2020-06-24 11:06:23'),(5,6,'2020-06-24 11:06:23','2020-06-24 11:06:23'),(5,7,'2020-06-26 06:03:28','2020-06-26 06:03:28'),(4,7,'2020-06-26 06:03:28','2020-06-26 06:03:28'),(5,8,'2020-06-26 06:03:31','2020-06-26 06:03:31'),(1,8,'2020-06-26 06:03:31','2020-06-26 06:03:31'),(2,9,'2020-07-11 03:30:54','2020-07-11 03:30:54'),(4,9,'2020-07-11 03:30:54','2020-07-11 03:30:54'),(5,10,'2020-07-11 03:51:17','2020-07-11 03:51:17'),(3,10,'2020-07-11 03:51:17','2020-07-11 03:51:17'),(5,11,'2020-07-11 03:51:17','2020-07-11 03:51:17'),(6,11,'2020-07-11 03:51:17','2020-07-11 03:51:17');
/*!40000 ALTER TABLE `user_channel` ENABLE KEYS */;
UNLOCK TABLES;

--
-- Table structure for table `users`
--

DROP TABLE IF EXISTS `users`;
/*!40101 SET @saved_cs_client     = @@character_set_client */;
/*!40101 SET character_set_client = utf8 */;
CREATE TABLE `users` (
  `id` bigint(20) unsigned NOT NULL AUTO_INCREMENT,
  `name` varchar(255) COLLATE utf8mb4_unicode_ci NOT NULL,
  `email` varchar(255) COLLATE utf8mb4_unicode_ci NOT NULL,
  `email_verified_at` timestamp NULL DEFAULT NULL,
  `password` varchar(255) COLLATE utf8mb4_unicode_ci NOT NULL,
  `remember_token` varchar(100) COLLATE utf8mb4_unicode_ci DEFAULT NULL,
  `created_at` timestamp NULL DEFAULT NULL,
  `updated_at` timestamp NULL DEFAULT NULL,
  PRIMARY KEY (`id`),
  UNIQUE KEY `users_email_unique` (`email`)
) ENGINE=InnoDB AUTO_INCREMENT=7 DEFAULT CHARSET=utf8mb4 COLLATE=utf8mb4_unicode_ci;
/*!40101 SET character_set_client = @saved_cs_client */;

--
-- Dumping data for table `users`
--

LOCK TABLES `users` WRITE;
/*!40000 ALTER TABLE `users` DISABLE KEYS */;
INSERT INTO `users` VALUES (1,'shawn','shawn@shawndsilva.com',NULL,'$2y$10$6T5uvkwB3j/4a7IslikccuHYxgVNh1oRFH7uIFEhwij2ZgI4HdZBa',NULL,'2020-06-15 06:06:22','2020-06-15 06:06:22'),(2,'Shawn D\'silva','shawn.dsilva_97@outlook.com',NULL,'$2y$10$RRNWORLLmaPBp2lhxUmdduq7g/5OiHUFIz/dnQWRKg8nsb/mfwdRm',NULL,'2020-06-16 03:15:06','2020-06-16 03:15:06'),(3,'Jetstream Sam','minuano@desperado-llc.com',NULL,'$2y$10$PuQz7ueoFg.q/I0glU3y7.N4xCfZMCd.2CxlpPLMg3kDqEj8plYA6',NULL,'2020-06-16 03:18:15','2020-06-16 03:18:15'),(4,'Isshin Ashina','glocksaint@ashina.co.jp',NULL,'$2y$10$FKcGXkiLtdxhrmhVYp3KIOripoMv/sP3LpECLVPwixKEsk.mT6sLO',NULL,'2020-06-16 03:19:57','2020-06-16 03:19:57'),(5,'memesoon','monsoon@desperado-llc.com',NULL,'$2y$10$i7ekyrCgK9kOtLrFBQKOZuRWrZgT9EWcT6pkWn5jH5BBJbjPoCZCm',NULL,'2020-06-16 03:23:27','2020-06-16 03:23:27'),(6,'Steven Armstrong','senator@desperado-llc.com',NULL,'$2y$10$Mu0FzEzghVSEzha9N3rtAOx1qw88qmIjezkP0CJqax0SgLht2L7rG',NULL,'2020-06-16 10:12:07','2020-06-16 10:12:07');
/*!40000 ALTER TABLE `users` ENABLE KEYS */;
UNLOCK TABLES;
/*!40103 SET TIME_ZONE=@OLD_TIME_ZONE */;

/*!40101 SET SQL_MODE=@OLD_SQL_MODE */;
/*!40014 SET FOREIGN_KEY_CHECKS=@OLD_FOREIGN_KEY_CHECKS */;
/*!40014 SET UNIQUE_CHECKS=@OLD_UNIQUE_CHECKS */;
/*!40101 SET CHARACTER_SET_CLIENT=@OLD_CHARACTER_SET_CLIENT */;
/*!40101 SET CHARACTER_SET_RESULTS=@OLD_CHARACTER_SET_RESULTS */;
/*!40101 SET COLLATION_CONNECTION=@OLD_COLLATION_CONNECTION */;
/*!40111 SET SQL_NOTES=@OLD_SQL_NOTES */;

-- Dump completed on 2020-07-16 15:09:34
